compilation time,cycles,lut utilization,FF utilization,BRAM utilization,DSP utilization,URAM utilization,__PARA__L0,__PARA__L0_0,__PARA__L0_1,__PARA__L0_1_0,__PARA__L0_2,__PARA__L0_2_0,__PARA__L0_3,__PARA__L0_3_0,__PIPE__L0,__PIPE__L0_1,__PIPE__L0_2,__PIPE__L0_3,__TILE__L0,__TILE__L0_1,__TILE__L0_2,__TILE__L0_3
03min 33sec,573445 (2.294ms),26638 (2%),23796 (1%),216 (5%),28 (~0%),0 (~0%),1,1,1,1,1,1,1,1,off,off,off,off,1,1,1,1
05min 26sec,573515 (2.294ms),26926 (2%),23740 (1%),216 (5%),28 (~0%),0 (~0%),4,1,1,1,1,1,1,1,off,off,off,off,1,1,1,1
05min 27sec,623205 (2.493ms),29831 (2%),26290 (1%),280 (6%),28 (~0%),0 (~0%),1,1,59,1,1,1,1,1,off,off,off,off,1,1,1,1
05min 40sec,3836584 (15.346ms),34893 (2%),33707 (1%),344 (7%),30 (~0%),0 (~0%),1,1,1,1,1,1,59,1,off,off,off,off,1,1,1,1
06min 40sec,386323 (1.545ms),216177 (18%),259958 (10%),152 (3%),1114 (16%),0 (~0%),1,1,1,1,1,79,1,1,off,off,off,off,1,1,1,1
07min 47sec,389443 (1.558ms),368993 (31%),360526 (15%),120 (2%),1588 (23%),0 (~0%),1,1,1,1,1,1,1,79,off,off,off,off,1,1,1,1
06min 22sec,386393 (1.546ms),216465 (18%),259902 (10%),152 (3%),1114 (16%),0 (~0%),4,1,1,1,1,79,1,1,off,off,off,off,1,1,1,1
07min 29sec,389443 (1.558ms),368496 (31%),360546 (15%),120 (2%),1588 (23%),0 (~0%),5,1,1,1,1,1,1,79,off,off,off,off,1,1,1,1
06min 23sec,459403 (1.838ms),219436 (18%),262600 (11%),216 (5%),1114 (16%),0 (~0%),1,1,59,1,1,79,1,1,off,off,off,off,1,1,1,1
06min 56sec,439203 (1.757ms),342470 (28%),351688 (14%),152 (3%),1588 (23%),0 (~0%),1,1,59,1,1,1,1,79,off,off,off,off,1,1,1,1
07min 27sec,3673382 (14.694ms),229241 (19%),278549 (11%),248 (5%),1116 (16%),0 (~0%),1,1,1,1,1,79,59,1,off,off,off,off,1,1,1,1
60min 00sec,,,,,,,1,1,1,1,1,1,59,79,off,off,off,off,1,1,1,1
05min 15sec,386323 (1.545ms),215680 (18%),259978 (10%),152 (3%),1114 (16%),0 (~0%),5,1,1,1,1,79,1,1,off,off,off,off,1,1,1,1
05min 17sec,386323 (1.545ms),216233 (18%),259965 (10%),152 (3%),1114 (16%),0 (~0%),8,1,1,1,1,79,1,1,off,off,off,off,1,1,1,1
06min 30sec,202043 (0.808ms),371308 (31%),393386 (16%),120 (2%),1588 (23%),0 (~0%),1,1,1,1,1,79,1,79,off,off,off,off,1,1,1,1
60min 00sec,,,,,,,1,1,1,1,1,79,1,1,flatten,off,off,off,1,1,1,1
05min 18sec,386323 (1.545ms),215496 (18%),258982 (10%),138 (3%),1114 (16%),0 (~0%),20,1,1,1,1,79,1,1,off,off,off,off,1,1,1,1
60min 00sec,,,,,,,1,1,1,1,1,79,59,79,off,off,off,off,1,1,1,1
05min 46sec,275123 (1.1ms),344785 (29%),384548 (16%),152 (3%),1588 (23%),0 (~0%),1,1,59,1,1,79,1,79,off,off,off,off,1,1,1,1
10min 19sec,217363 (0.937ms),452833 (38%),547137 (23%),120 (2%),2220 (32%),0 (~0%),1,1,1,1,2,79,1,79,off,off,off,off,1,1,1,1
05min 15sec,386323 (1.545ms),215084 (18%),258460 (10%),130 (3%),1114 (16%),0 (~0%),10,1,1,1,1,79,1,1,off,off,off,off,1,1,1,1
08min 27sec,124174 (0.535ms),278624 (23%),313274 (13%),120 (2%),1114 (16%),0 (~0%),1,1,1,2,1,79,1,79,off,off,off,off,1,1,1,1
05min 09sec,384723 (1.539ms),216176 (18%),259957 (10%),152 (3%),1114 (16%),0 (~0%),1,2,1,1,1,79,1,1,off,off,off,off,1,1,1,1
12min 48sec,237182 (1.022ms),660793 (55%),805898 (34%),120 (2%),3364 (49%),0 (~0%),1,1,1,1,3,79,1,79,off,off,off,off,1,1,1,1
07min 20sec,107724 (0.431ms),402710 (34%),409970 (17%),120 (2%),1588 (23%),0 (~0%),4,1,1,2,1,79,1,79,off,off,off,off,1,1,1,1
07min 16sec,107654 (0.431ms),401925 (33%),410046 (17%),120 (2%),1588 (23%),0 (~0%),5,1,1,2,1,79,1,79,off,off,off,off,1,1,1,1
06min 14sec,202113 (0.808ms),371596 (31%),393330 (16%),120 (2%),1588 (23%),0 (~0%),4,1,1,1,1,79,1,79,off,off,off,off,1,1,1,1
07min 11sec,197243 (0.85ms),257211 (21%),309106 (13%),152 (3%),1114 (16%),0 (~0%),1,1,59,2,1,79,1,79,off,off,off,off,1,1,1,1
08min 12sec,76974 (0.332ms),278321 (23%),313463 (13%),120 (2%),1114 (16%),0 (~0%),1,1,1,4,1,79,1,79,off,off,off,off,1,1,1,1
08min 10sec,53374 (0.23ms),278867 (23%),316276 (13%),120 (2%),1114 (16%),0 (~0%),1,1,1,8,1,79,1,79,off,off,off,off,1,1,1,1
09min 48sec,122963 (0.53ms),447977 (37%),538335 (22%),120 (2%),2220 (32%),0 (~0%),1,1,1,2,2,79,1,79,off,off,off,off,1,1,1,1
60min 00sec,,,,,,,1,1,1,2,1,79,59,79,off,off,off,off,1,1,1,1
07min 41sec,36924 (0.148ms),402881 (34%),412972 (17%),120 (2%),1588 (23%),0 (~0%),4,1,1,8,1,79,1,79,off,off,off,off,1,1,1,1
07min 41sec,60524 (0.242ms),402383 (34%),410159 (17%),120 (2%),1588 (23%),0 (~0%),4,1,1,4,1,79,1,79,off,off,off,off,1,1,1,1
07min 35sec,126443 (0.545ms),257377 (21%),312048 (13%),152 (3%),1114 (16%),0 (~0%),1,1,59,8,1,79,1,79,off,off,off,off,1,1,1,1
60min 00sec,,,,,,,1,1,1,8,1,79,59,79,off,off,off,off,1,1,1,1
07min 36sec,35324 (0.141ms),402880 (34%),412971 (17%),120 (2%),1588 (23%),0 (~0%),4,2,1,8,1,79,1,79,off,off,off,off,1,1,1,1
07min 35sec,34524 (0.138ms),402878 (34%),412970 (17%),120 (2%),1588 (23%),0 (~0%),4,4,1,8,1,79,1,79,off,off,off,off,1,1,1,1
06min 43sec,109993 (0.44ms),373903 (31%),398823 (16%),152 (3%),1588 (23%),0 (~0%),4,1,59,8,1,79,1,79,off,off,off,off,1,1,1,1
08min 46sec,35713 (0.143ms),465742 (39%),565827 (23%),120 (2%),2220 (32%),0 (~0%),4,1,1,8,2,79,1,79,off,off,off,off,1,1,1,1
07min 50sec,34124 (0.136ms),402878 (34%),412969 (17%),120 (2%),1588 (23%),0 (~0%),4,8,1,8,1,79,1,79,off,off,off,off,1,1,1,1
06min 56sec,109993 (0.44ms),373900 (31%),398821 (16%),152 (3%),1588 (23%),0 (~0%),4,4,59,8,1,79,1,79,off,off,off,off,1,1,1,1
60min 00sec,,,,,,,4,4,1,8,1,79,59,79,off,off,off,off,1,1,1,1
60min 00sec,,,,,,,1,1,1,1,1,79,59,79,off,off,off,off,1,1,2,1
60min 00sec,,,,,,,1,1,1,2,1,79,59,79,off,off,off,off,1,1,1,2
07min 18sec,109993 (0.44ms),373900 (31%),398820 (16%),152 (3%),1588 (23%),0 (~0%),4,8,59,8,1,79,1,79,off,off,off,off,1,1,1,1
09min 22sec,32913 (0.132ms),465739 (39%),565824 (23%),120 (2%),2220 (32%),0 (~0%),4,8,1,8,2,79,1,79,off,off,off,off,1,1,1,1
60min 00sec,,,,,,,4,8,1,8,1,79,59,79,off,off,off,off,1,1,1,1
60min 00sec,,,,,,,1,1,1,1,1,1,59,79,off,off,off,off,2,1,1,1
08min 26sec,109993 (0.44ms),436793 (36%),551744 (23%),152 (3%),2220 (32%),0 (~0%),4,8,59,8,2,79,1,79,off,off,off,off,1,1,1,1
60min 00sec,,,,,,,4,8,1,8,2,79,59,79,off,off,off,off,1,1,1,1
08min 08sec,34044 (0.136ms),402899 (34%),412969 (17%),120 (2%),1588 (23%),0 (~0%),4,10,1,8,1,79,1,79,off,off,off,off,1,1,1,1
09min 16sec,32843 (0.131ms),464954 (39%),565900 (23%),120 (2%),2220 (32%),0 (~0%),5,8,1,8,2,79,1,79,off,off,off,off,1,1,1,1
08min 03sec,34054 (0.136ms),402093 (34%),413045 (17%),120 (2%),1588 (23%),0 (~0%),5,8,1,8,1,79,1,79,off,off,off,off,1,1,1,1
60min 00sec,,,,,,,4,8,1,8,1,79,59,79,off,off,off,off,2,1,1,1
03min 31sec,573445 (2.294ms),26638 (2%),23796 (1%),216 (5%),28 (~0%),0 (~0%),1,1,1,1,1,1,1,1,off,off,off,off,1,1,1,1
05min 56sec,573445 (2.294ms),25545 (2%),22298 (~0%),194 (4%),28 (~0%),0 (~0%),10,1,1,1,1,1,1,1,off,off,off,off,1,1,1,1
06min 09sec,     ?,33183 (2%),28666 (1%),296 (6%),36 (~0%),0 (~0%),1,1,1,1,20,1,1,1,off,off,off,off,1,1,1,1
05min 46sec,623205 (2.493ms),29831 (2%),26290 (1%),280 (6%),28 (~0%),0 (~0%),1,1,59,1,1,1,1,1,off,off,off,off,1,1,1,1
05min 48sec,573515 (2.294ms),26926 (2%),23740 (1%),216 (5%),28 (~0%),0 (~0%),4,1,1,1,1,1,1,1,off,off,off,off,1,1,1,1
06min 06sec,     ?,33165 (2%),28680 (1%),296 (6%),36 (~0%),0 (~0%),1,1,1,1,30,1,1,1,off,off,off,off,1,1,1,1
06min 03sec,     ?,33176 (2%),28662 (1%),296 (6%),36 (~0%),0 (~0%),1,1,1,1,15,1,1,1,off,off,off,off,1,1,1,1
06min 12sec,480898 (2.055ms),56369 (4%),53247 (2%),224 (5%),156 (2%),0 (~0%),1,1,1,10,1,1,1,1,off,off,off,off,1,1,1,1
05min 03sec,477898 (2.042ms),56615 (4%),53243 (2%),224 (5%),156 (2%),0 (~0%),1,16,1,10,1,1,1,1,off,off,off,off,1,1,1,1
04min 22sec,573445 (2.294ms),26141 (2%),23816 (1%),216 (5%),28 (~0%),0 (~0%),5,1,1,1,1,1,1,1,off,off,off,off,1,1,1,1
05min 16sec,480898 (2.055ms),55688 (4%),52271 (2%),210 (4%),156 (2%),0 (~0%),20,1,1,10,1,1,1,1,off,off,off,off,1,1,1,1
05min 30sec,     ?,62828 (5%),58549 (2%),304 (7%),164 (2%),0 (~0%),1,1,1,10,10,1,1,1,off,off,off,off,1,1,1,1
05min 09sec,480898 (2.055ms),55276 (4%),51749 (2%),202 (4%),156 (2%),0 (~0%),10,1,1,10,1,1,1,1,off,off,off,off,1,1,1,1
05min 03sec,480898 (2.055ms),56369 (4%),53247 (2%),224 (5%),156 (2%),0 (~0%),40,1,1,10,1,1,1,1,off,off,off,off,1,1,1,1
04min 44sec,     ?,33165 (2%),28680 (1%),296 (6%),36 (~0%),0 (~0%),1,1,1,1,30,1,1,1,off,off,off,off,1,1,1,1
04min 32sec,428856 (1.715ms),34183 (2%),28714 (1%),216 (5%),64 (~0%),0 (~0%),1,16,1,4,1,1,1,1,off,off,off,off,1,1,1,1
05min 51sec,     ?,76224 (6%),77282 (3%),304 (7%),170 (2%),0 (~0%),1,1,1,10,15,1,1,1,off,off,off,off,1,1,1,1
04min 37sec,408336 (1.633ms),45532 (3%),40196 (1%),248 (5%),120 (1%),0 (~0%),1,1,1,16,1,1,1,1,off,off,off,off,1,1,1,1
07min 03sec,232574 (0.93ms),242034 (20%),275124 (11%),152 (3%),1114 (16%),0 (~0%),1,16,1,10,1,79,1,1,off,off,off,off,1,1,1,1
06min 13sec,386925 (1.548ms),219603 (18%),185534 (7%),152 (3%),1128 (16%),0 (~0%),1,1,1,10,1,1,1,1,off,flatten,off,off,1,1,1,1
05min 03sec,478498 (2.045ms),56366 (4%),53245 (2%),224 (5%),156 (2%),0 (~0%),1,4,1,10,1,1,1,1,off,off,off,off,1,1,1,1
08min 56sec,232854 (1.004ms),210650 (17%),225417 (9%),120 (2%),355 (5%),0 (~0%),1,16,1,10,1,1,1,79,off,off,off,off,1,1,1,1
04min 28sec,405256 (1.621ms),39577 (3%),35331 (1%),216 (5%),120 (1%),0 (~0%),1,16,1,8,1,1,1,1,off,off,off,off,1,1,1,1
12min 58sec,230551 (0.922ms),751193 (63%),648967 (27%),152 (3%),4432 (64%),0 (~0%),1,16,1,10,4,79,1,1,off,off,off,off,1,1,1,1
09min 45sec,251422 (1.006ms),651806 (55%),799440 (33%),152 (3%),3364 (49%),0 (~0%),1,16,1,10,3,79,1,1,off,off,off,off,1,1,1,1
06min 13sec,232644 (0.931ms),242260 (20%),275068 (11%),152 (3%),1114 (16%),0 (~0%),2,16,1,10,1,79,1,1,off,off,off,off,1,1,1,1
07min 48sec,237574 (1.024ms),210226 (17%),223938 (9%),120 (2%),355 (5%),0 (~0%),1,16,1,8,1,1,1,79,off,off,off,off,1,1,1,1
60min 00sec,,,,,,,1,16,1,10,1,1,1,79,flatten,off,off,off,1,1,1,1
08min 02sec,233054 (1.005ms),210653 (17%),225418 (9%),120 (2%),355 (5%),0 (~0%),1,8,1,10,1,1,1,79,off,off,off,off,1,1,1,1
07min 23sec,216334 (0.865ms),386560 (32%),378463 (16%),106 (2%),1588 (23%),0 (~0%),20,16,1,10,1,1,1,79,off,off,off,off,1,1,1,1
60min 00sec,,,,,,,1,16,1,10,1,1,1,79,flatten,off,off,off,1,1,2,1
60min 00sec,,,,,,,1,16,1,10,1,1,1,79,flatten,off,off,off,1,4,1,1
60min 00sec,,,,,,,1,16,1,10,1,1,1,79,flatten,off,off,off,2,1,1,1
60min 00sec,,,,,,,1,16,1,10,1,1,1,79,flatten,off,off,off,1,1,2,4
60min 00sec,,,,,,,1,16,1,10,1,1,1,79,flatten,off,off,off,1,1,2,2
08min 45sec,     ?,373604 (31%),311611 (13%),154 (3%),1596 (23%),0 (~0%),20,16,1,10,20,1,1,79,off,off,off,off,1,1,1,1
60min 00sec,,,,,,,1,16,1,10,1,1,1,79,flatten,off,off,off,1,1,1,4
60min 00sec,,,,,,,1,16,1,10,1,1,1,79,flatten,off,off,off,2,1,8,1
60min 00sec,,,,,,,1,16,1,10,1,1,1,79,flatten,off,off,off,1,2,2,1
07min 42sec,216774 (0.867ms),386578 (32%),378465 (16%),106 (2%),1588 (23%),0 (~0%),20,5,1,10,1,1,1,79,off,off,off,off,1,1,1,1
60min 00sec,,,,,,,1,16,1,10,1,1,1,79,flatten,off,off,off,2,1,1,8
07min 29sec,216334 (0.865ms),387241 (32%),379439 (16%),120 (2%),1588 (23%),0 (~0%),1,16,1,10,1,1,1,79,off,off,off,flatten,1,1,1,1
60min 00sec,,,,,,,1,16,1,10,1,1,1,79,flatten,off,off,off,8,1,2,1
60min 00sec,,,,,,,1,16,1,10,1,1,1,79,flatten,off,off,off,2,2,8,1
07min 34sec,216334 (0.865ms),387297 (32%),379446 (16%),120 (2%),1588 (23%),0 (~0%),8,16,1,10,1,1,1,79,off,off,off,off,1,1,1,1
09min 09sec,     ?,373589 (31%),311601 (13%),154 (3%),1596 (23%),0 (~0%),20,16,1,10,10,1,1,79,off,off,off,off,1,1,1,1
60min 00sec,,,,,,,1,16,1,10,1,1,1,79,flatten,off,off,off,1,8,2,1
08min 57sec,     ?,373589 (31%),311601 (13%),154 (3%),1596 (23%),0 (~0%),20,16,1,10,10,1,1,79,off,off,off,off,1,1,1,1
60min 00sec,,,,,,,20,16,1,10,1,1,1,79,flatten,off,off,off,1,1,1,1
07min 44sec,216404 (0.866ms),387529 (32%),379383 (16%),120 (2%),1588 (23%),0 (~0%),4,16,1,10,1,1,1,79,off,off,off,off,1,1,1,1
60min 00sec,,,,,,,1,16,1,10,1,1,1,79,flatten,off,off,off,4,1,2,2
09min 06sec,     ?,386099 (32%),331907 (14%),154 (3%),1596 (23%),0 (~0%),20,16,1,10,15,1,1,79,off,off,off,off,1,1,1,1
60min 00sec,,,,,,,1,16,1,10,1,1,1,79,flatten,off,off,off,40,1,1,1
60min 00sec,,,,,,,1,16,1,10,1,1,1,79,flatten,off,off,off,8,1,1,1
03min 23sec,573445 (2.294ms),26638 (2%),23796 (1%),216 (5%),28 (~0%),0 (~0%),1,1,1,1,1,1,1,1,off,off,off,off,1,1,1,1
06min 07sec,     ?,34680 (2%),30142 (1%),248 (5%),36 (~0%),0 (~0%),1,1,1,1,4,1,1,1,off,off,off,off,1,1,1,1
06min 07sec,     ?,34665 (2%),30124 (1%),248 (5%),36 (~0%),0 (~0%),1,1,1,1,2,1,1,1,off,off,off,off,1,1,1,1
07min 01sec,386323 (1.545ms),216177 (18%),259958 (10%),152 (3%),1114 (16%),0 (~0%),1,1,1,1,1,79,1,1,off,off,off,off,1,1,1,1
05min 44sec,573515 (2.294ms),26864 (2%),23740 (1%),216 (5%),28 (~0%),0 (~0%),2,1,1,1,1,1,1,1,off,off,off,off,1,1,1,1
05min 43sec,571045 (2.284ms),26635 (2%),23794 (1%),216 (5%),28 (~0%),0 (~0%),1,4,1,1,1,1,1,1,off,off,off,off,1,1,1,1
05min 43sec,573445 (2.294ms),26141 (2%),23816 (1%),216 (5%),28 (~0%),0 (~0%),5,1,1,1,1,1,1,1,off,off,off,off,1,1,1,1
06min 14sec,574616 (2.456ms),32279 (2%),26830 (1%),216 (5%),28 (~0%),0 (~0%),1,1,1,5,1,1,1,1,off,off,off,off,1,1,1,1
05min 59sec,3836584 (15.346ms),34893 (2%),33707 (1%),344 (7%),30 (~0%),0 (~0%),1,1,1,1,1,1,59,1,off,off,off,off,1,1,1,1
05min 58sec,572216 (2.445ms),32276 (2%),26828 (1%),216 (5%),28 (~0%),0 (~0%),1,4,1,5,1,1,1,1,off,off,off,off,1,1,1,1
05min 24sec,571045 (2.284ms),26138 (2%),23814 (1%),216 (5%),28 (~0%),0 (~0%),5,4,1,1,1,1,1,1,off,off,off,off,1,1,1,1
06min 43sec,383923 (1.536ms),216174 (18%),259956 (10%),152 (3%),1114 (16%),0 (~0%),1,4,1,1,1,79,1,1,off,off,off,off,1,1,1,1
06min 40sec,383923 (1.536ms),216174 (18%),259956 (10%),152 (3%),1114 (16%),0 (~0%),1,4,1,1,1,79,1,1,off,off,off,off,1,1,1,1
06min 45sec,386393 (1.546ms),216403 (18%),259902 (10%),152 (3%),1114 (16%),0 (~0%),2,1,1,1,1,79,1,1,off,off,off,off,1,1,1,1
05min 22sec,570645 (2.283ms),26635 (2%),23793 (1%),216 (5%),28 (~0%),0 (~0%),1,8,1,1,1,1,1,1,off,off,off,off,1,1,1,1
06min 32sec,383923 (1.536ms),215677 (18%),259976 (10%),152 (3%),1114 (16%),0 (~0%),5,4,1,1,1,79,1,1,off,off,off,off,1,1,1,1
07min 06sec,242334 (0.969ms),238779 (20%),267056 (11%),152 (3%),1114 (16%),0 (~0%),1,4,1,4,1,79,1,1,off,off,off,off,1,1,1,1
06min 38sec,459403 (1.838ms),219433 (18%),262598 (11%),216 (5%),1114 (16%),0 (~0%),1,4,59,1,1,79,1,1,off,off,off,off,1,1,1,1
07min 42sec,3673382 (14.694ms),229238 (19%),278547 (11%),248 (5%),1116 (16%),0 (~0%),1,4,1,1,1,79,59,1,off,off,off,off,1,1,1,1
06min 34sec,383993 (1.536ms),216400 (18%),259900 (10%),152 (3%),1114 (16%),0 (~0%),2,4,1,1,1,79,1,1,off,off,off,off,1,1,1,1
07min 40sec,3673382 (14.694ms),229238 (19%),278547 (11%),248 (5%),1116 (16%),0 (~0%),1,4,1,1,1,79,59,1,off,off,off,off,1,1,1,1
07min 44sec,199643 (0.799ms),371305 (31%),393384 (16%),120 (2%),1588 (23%),0 (~0%),1,4,1,1,1,79,1,79,off,off,off,off,1,1,1,1
09min 11sec,121774 (0.525ms),278621 (23%),313272 (13%),120 (2%),1114 (16%),0 (~0%),1,4,1,2,1,79,1,79,off,off,off,off,1,1,1,1
18min 06sec,214351 (0.924ms),784586 (66%),674658 (28%),120 (2%),4432 (64%),0 (~0%),1,4,1,1,4,79,1,79,off,off,off,off,1,1,1,1
60min 00sec,,,,,,,1,4,1,1,1,79,59,79,off,off,off,off,1,1,1,1
07min 09sec,199643 (0.799ms),370808 (31%),393404 (16%),120 (2%),1588 (23%),0 (~0%),5,4,1,1,1,79,1,79,off,off,off,off,1,1,1,1
04min 38sec,429456 (1.718ms),34014 (2%),28716 (1%),216 (5%),64 (~0%),0 (~0%),1,4,1,4,1,1,1,1,off,off,off,off,1,1,1,1
07min 12sec,199713 (0.799ms),371593 (31%),393328 (16%),120 (2%),1588 (23%),0 (~0%),4,4,1,1,1,79,1,79,off,off,off,off,1,1,1,1
08min 15sec,121614 (0.524ms),278636 (23%),313272 (13%),120 (2%),1114 (16%),0 (~0%),1,5,1,2,1,79,1,79,off,off,off,off,1,1,1,1
08min 18sec,124174 (0.535ms),278624 (23%),313274 (13%),120 (2%),1114 (16%),0 (~0%),1,1,1,2,1,79,1,79,off,off,off,off,1,1,1,1
06min 13sec,199713 (0.799ms),371531 (31%),393328 (16%),120 (2%),1588 (23%),0 (~0%),2,4,1,1,1,79,1,79,off,off,off,off,1,1,1,1
60min 00sec,,,,,,,1,4,1,1,1,79,59,79,off,off,off,off,1,8,1,1
05min 27sec,289534 (1.158ms),238748 (20%),266805 (11%),152 (3%),1114 (16%),0 (~0%),1,4,1,2,1,79,1,1,off,off,off,off,1,1,1,1
08min 18sec,50974 (0.22ms),278864 (23%),316274 (13%),120 (2%),1114 (16%),0 (~0%),1,4,1,8,1,79,1,79,off,off,off,off,1,1,1,1
08min 15sec,122574 (0.528ms),278623 (23%),313273 (13%),120 (2%),1114 (16%),0 (~0%),1,2,1,2,1,79,1,79,off,off,off,off,1,1,1,1
08min 18sec,74414 (0.321ms),278333 (23%),313461 (13%),120 (2%),1114 (16%),0 (~0%),1,5,1,4,1,79,1,79,off,off,off,off,1,1,1,1
08min 18sec,51774 (0.223ms),278866 (23%),316275 (13%),120 (2%),1114 (16%),0 (~0%),1,2,1,8,1,79,1,79,off,off,off,off,1,1,1,1
60min 00sec,,,,,,,1,4,1,1,1,79,59,79,off,off,off,off,1,1,8,1
60min 00sec,,,,,,,1,4,1,1,1,79,59,79,off,off,off,off,1,8,1,4
60min 00sec,,,,,,,1,4,1,1,1,79,59,79,off,off,off,off,1,59,1,1
05min 31sec,289374 (1.157ms),239097 (20%),266805 (11%),152 (3%),1114 (16%),0 (~0%),1,5,1,2,1,79,1,1,off,off,off,off,1,1,1,1
08min 17sec,50574 (0.218ms),278864 (23%),316273 (13%),120 (2%),1114 (16%),0 (~0%),1,8,1,8,1,79,1,79,off,off,off,off,1,1,1,1
07min 24sec,34454 (0.138ms),402093 (34%),413046 (17%),120 (2%),1588 (23%),0 (~0%),5,4,1,8,1,79,1,79,off,off,off,off,1,1,1,1
60min 00sec,,,,,,,1,4,1,1,1,79,59,79,off,off,off,off,4,8,1,1
60min 00sec,,,,,,,1,4,1,1,1,79,59,79,off,off,off,off,1,1,1,4
60min 00sec,,,,,,,1,4,1,1,1,79,59,79,off,off,off,off,1,1,8,4
60min 00sec,,,,,,,1,4,1,1,1,79,59,79,off,off,off,off,1,4,1,4
60min 00sec,,,,,,,1,4,1,1,1,79,59,79,off,off,off,off,4,1,1,1
60min 00sec,,,,,,,1,4,1,1,1,79,59,79,off,off,off,off,8,1,8,1
60min 00sec,,,,,,,1,4,1,1,1,79,59,79,off,off,off,off,1,2,1,1
60min 00sec,,,,,,,1,4,1,1,1,79,59,79,off,off,off,off,4,1,8,1
60min 00sec,,,,,,,1,4,1,1,1,79,59,79,off,off,off,off,4,4,1,1
60min 00sec,,,,,,,1,4,1,1,1,79,59,79,off,off,off,off,2,4,1,4
60min 00sec,,,,,,,1,4,1,1,1,79,59,79,off,off,off,off,4,4,1,4
60min 00sec,,,,,,,1,4,1,1,1,79,59,79,off,off,off,off,1,1,8,59
60min 00sec,,,,,,,1,4,1,1,1,79,59,79,off,off,off,off,4,1,60,1
15min 23sec,32701 (0.131ms),796580 (67%),702375 (29%),120 (2%),4432 (64%),0 (~0%),2,4,1,8,4,79,1,79,off,off,off,off,1,1,1,1
15min 14sec,32541 (0.13ms),796595 (67%),702375 (29%),120 (2%),4432 (64%),0 (~0%),2,5,1,8,4,79,1,79,off,off,off,off,1,1,1,1
60min 00sec,,,,,,,1,4,1,1,1,79,59,79,off,off,off,off,8,1,1,1
60min 00sec,,,,,,,1,4,1,1,1,79,59,79,off,off,off,off,4,1,1,2
60min 00sec,,,,,,,1,4,1,1,1,79,59,79,off,off,off,off,1,4,4,4
60min 00sec,,,,,,,1,4,1,1,1,79,59,79,off,off,off,off,2,1,1,1
60min 00sec,,,,,,,1,4,1,1,1,79,59,79,off,off,off,off,1,4,8,4
15min 07sec,32061 (0.128ms),796596 (67%),702373 (29%),120 (2%),4432 (64%),0 (~0%),2,20,1,8,4,79,1,79,off,off,off,off,1,1,1,1
60min 00sec,,,,,,,1,4,1,1,1,79,59,79,off,off,off,off,8,4,1,4
60min 00sec,,,,,,,1,4,1,1,1,79,59,79,off,off,off,off,1,1,1,8
60min 00sec,,,,,,,1,4,1,1,1,79,59,79,off,off,off,off,1,1,2,4
13min 47sec,180781 (0.723ms),776992 (65%),702668 (29%),138 (3%),4432 (64%),0 (~0%),2,20,59,8,4,79,1,79,off,off,off,off,1,1,1,1
60min 00sec,,,,,,,1,4,1,1,1,79,59,79,off,off,off,off,1,1,60,1
15min 53sec,102861 (0.411ms),801419 (67%),698923 (29%),120 (2%),4432 (64%),0 (~0%),2,20,1,2,4,79,1,79,off,off,off,off,1,1,1,1
08min 36sec,     ?,375634 (31%),312518 (13%),120 (2%),1596 (23%),0 (~0%),2,20,1,8,4,1,1,79,off,off,off,off,1,1,1,1
60min 00sec,,,,,,,1,4,1,1,1,79,59,79,off,off,off,off,4,8,1,4
60min 00sec,,,,,,,1,4,1,1,1,79,59,79,off,off,off,off,1,1,4,4
60min 00sec,,,,,,,1,4,1,1,1,79,59,79,off,off,off,off,1,1,4,1
60min 00sec,,,,,,,1,4,1,1,1,79,59,79,off,off,off,off,1,1,1,59
60min 00sec,,,,,,,1,4,1,1,1,79,59,79,off,off,off,off,1,1,8,2
60min 00sec,,,,,,,1,4,1,1,1,79,59,79,off,off,off,off,1,1,60,4
16min 51sec,48511 (0.209ms),773322 (65%),667836 (28%),120 (2%),4432 (64%),0 (~0%),1,20,1,8,4,79,1,79,off,off,off,off,1,1,1,1
60min 00sec,,,,,,,1,4,1,1,1,79,59,79,off,off,off,off,4,8,1,59
60min 00sec,,,,,,,1,4,1,1,1,79,59,79,off,off,off,off,4,8,1,8
60min 00sec,,,,,,,1,4,1,1,1,79,59,79,off,off,off,off,8,8,1,4
15min 25sec,20261 (0.081ms),837899 (70%),715901 (30%),120 (2%),4432 (64%),0 (~0%),2,20,1,16,4,79,1,79,off,off,off,off,1,1,1,1
60min 00sec,,,,,,,1,4,1,1,1,79,59,79,off,off,off,off,1,59,1,8
60min 00sec,,,,,,,1,4,1,1,1,79,59,79,off,off,off,off,1,8,1,8
60min 00sec,,,,,,,1,4,1,1,1,79,59,79,off,off,off,off,1,59,4,1
60min 00sec,,,,,,,1,4,1,1,1,79,59,79,off,off,off,off,1,59,1,4
60min 00sec,,,,,,,1,4,1,1,1,79,59,79,off,off,off,off,1,59,2,1
60min 00sec,,,,,,,1,4,1,1,1,79,59,79,off,off,off,off,40,8,1,1
60min 00sec,,,,,,,1,4,1,1,1,79,59,79,off,off,off,off,1,59,1,2
60min 00sec,,,,,,,1,4,1,1,1,79,59,79,off,off,off,off,1,59,1,59
60min 00sec,,,,,,,1,4,1,1,1,79,59,79,off,off,off,off,4,8,4,1
60min 00sec,,,,,,,1,4,1,1,1,79,59,79,off,off,off,off,4,1,2,1
60min 00sec,,,,,,,1,4,1,1,1,79,59,79,off,off,off,off,4,1,1,4
60min 00sec,,,,,,,1,4,1,1,1,79,59,79,off,off,off,off,1,4,1,1
03min 37sec,573445 (2.294ms),26638 (2%),23796 (1%),216 (5%),28 (~0%),0 (~0%),1,1,1,1,1,1,1,1,off,off,off,off,1,1,1,1
05min 19sec,570405 (2.282ms),29750 (2%),24702 (1%),216 (5%),28 (~0%),0 (~0%),1,20,1,1,1,1,1,1,off,off,off,off,1,1,1,1
05min 17sec,573445 (2.294ms),26638 (2%),23796 (1%),216 (5%),28 (~0%),0 (~0%),40,1,1,1,1,1,1,1,off,off,off,off,1,1,1,1
06min 19sec,386323 (1.545ms),216177 (18%),259958 (10%),152 (3%),1114 (16%),0 (~0%),1,1,1,1,1,1,1,1,off,off,flatten,off,1,1,1,1
05min 26sec,3836584 (15.346ms),34893 (2%),33707 (1%),344 (7%),30 (~0%),0 (~0%),1,1,1,1,1,1,59,1,off,off,off,off,1,1,1,1
05min 21sec,573445 (2.294ms),25545 (2%),22298 (~0%),194 (4%),28 (~0%),0 (~0%),10,1,1,1,1,1,1,1,off,off,off,off,1,1,1,1
60min 00sec,,,,,,,1,1,1,1,1,1,1,1,flatten,off,off,off,1,1,1,1
05min 17sec,570645 (2.283ms),26635 (2%),23793 (1%),216 (5%),28 (~0%),0 (~0%),1,8,1,1,1,1,1,1,off,off,off,off,1,1,1,1
04min 19sec,670405 (2.682ms),30395 (2%),25695 (1%),170 (3%),28 (~0%),12 (1%),1,20,59,1,1,1,1,1,off,off,off,off,1,1,1,1
05min 17sec,383323 (1.533ms),216343 (18%),259954 (10%),152 (3%),1114 (16%),0 (~0%),1,16,1,1,1,1,1,1,off,off,flatten,off,1,1,1,1
05min 22sec,459403 (1.838ms),219436 (18%),262600 (11%),216 (5%),1114 (16%),0 (~0%),1,1,59,1,1,1,1,1,off,off,flatten,off,1,1,1,1
60min 00sec,,,,,,,1,1,1,1,1,1,1,1,flatten,off,off,off,1,1,8,1
04min 33sec,     ?,36307 (3%),29523 (1%),296 (6%),36 (~0%),0 (~0%),1,20,1,1,12,1,1,1,off,off,off,off,1,1,1,1
60min 00sec,,,,,,,1,1,1,1,1,1,1,1,flatten,off,off,off,2,1,1,1
05min 32sec,383283 (1.533ms),219053 (18%),260538 (11%),152 (3%),1114 (16%),0 (~0%),1,20,1,1,1,1,1,1,off,off,flatten,off,1,1,1,1
60min 00sec,,,,,,,1,1,1,1,1,1,1,1,flatten,off,off,off,1,1,1,8
06min 56sec,199003 (0.796ms),371321 (31%),393382 (16%),120 (2%),1588 (23%),0 (~0%),1,20,1,1,1,1,1,79,off,off,flatten,off,1,1,1,1
60min 00sec,,,,,,,1,1,1,1,1,1,1,1,flatten,off,off,off,4,1,8,1
04min 34sec,570445 (2.282ms),26804 (2%),23792 (1%),216 (5%),28 (~0%),0 (~0%),1,16,1,1,1,1,1,1,off,off,off,off,1,1,1,1
60min 00sec,,,,,,,1,1,1,1,1,1,1,1,flatten,off,off,off,1,1,4,8
60min 00sec,,,,,,,1,1,1,1,1,1,1,1,flatten,off,off,off,1,1,1,59
05min 46sec,383393 (1.534ms),216631 (18%),259898 (10%),152 (3%),1114 (16%),0 (~0%),4,16,1,1,1,1,1,1,off,off,flatten,off,1,1,1,1
05min 43sec,383323 (1.533ms),216343 (18%),259954 (10%),152 (3%),1114 (16%),0 (~0%),1,16,1,1,1,79,1,1,off,off,flatten,off,1,1,1,1
60min 00sec,,,,,,,1,1,1,1,1,1,1,1,flatten,off,off,off,4,2,8,1
60min 00sec,,,,,,,1,20,1,1,20,1,1,79,off,off,flatten,off,1,1,1,1
06min 53sec,199073 (0.796ms),371547 (31%),393326 (16%),120 (2%),1588 (23%),0 (~0%),2,20,1,1,1,1,1,79,off,off,flatten,off,1,1,1,1
60min 00sec,,,,,,,1,1,1,1,1,1,1,1,flatten,off,off,off,1,1,60,1
05min 45sec,383283 (1.533ms),218556 (18%),260558 (11%),152 (3%),1114 (16%),0 (~0%),5,20,1,1,1,1,1,1,off,off,flatten,off,1,1,1,1
60min 00sec,,,,,,,1,1,1,1,1,1,1,1,flatten,off,off,off,1,2,1,1
07min 39sec,199643 (0.799ms),371305 (31%),393384 (16%),120 (2%),1588 (23%),0 (~0%),1,4,1,1,1,1,1,79,off,off,flatten,off,1,1,1,1
60min 00sec,,,,,,,1,1,1,1,1,1,1,1,flatten,off,off,off,1,1,60,8
07min 28sec,345923 (1.384ms),345459 (29%),383618 (16%),106 (2%),1588 (23%),4 (~0%),1,20,59,1,1,1,1,79,off,off,flatten,off,1,1,1,1
07min 42sec,199003 (0.796ms),371321 (31%),393382 (16%),120 (2%),1588 (23%),0 (~0%),1,20,1,1,1,79,1,79,off,off,flatten,off,1,1,1,1
60min 00sec,,,,,,,1,1,1,1,1,1,1,1,flatten,off,off,off,1,1,2,8
60min 00sec,,,,,,,1,1,1,1,1,1,1,1,flatten,off,off,off,1,1,4,1
60min 00sec,,,,,,,1,1,1,1,1,1,1,1,flatten,off,off,off,4,1,1,8
60min 00sec,,,,,,,1,20,1,1,1,1,59,79,off,off,flatten,off,1,1,1,1
60min 00sec,,,,,,,1,20,1,1,12,1,1,79,off,off,flatten,off,1,1,1,1
60min 00sec,,,,,,,1,20,1,1,20,1,1,79,off,off,flatten,off,2,1,1,1
60min 00sec,,,,,,,1,1,1,1,1,1,1,1,flatten,off,off,off,8,2,8,1
60min 00sec,,,,,,,1,1,1,1,1,1,1,1,flatten,off,off,off,4,59,8,1
08min 04sec,33814 (0.135ms),402606 (34%),413024 (17%),120 (2%),1588 (23%),0 (~0%),1,20,1,8,1,1,1,79,off,off,flatten,flatten,1,1,1,1
60min 00sec,,,,,,,1,1,1,1,1,1,1,1,flatten,off,off,off,1,8,8,1
60min 00sec,,,,,,,1,1,1,1,1,1,1,1,flatten,off,off,off,1,4,8,1
08min 44sec,36174 (0.156ms),310071 (26%),331382 (14%),120 (2%),1114 (16%),0 (~0%),1,20,1,20,1,79,1,79,off,off,flatten,off,1,1,1,1
08min 45sec,36174 (0.156ms),310071 (26%),331382 (14%),120 (2%),1114 (16%),0 (~0%),1,20,1,20,1,1,1,79,off,off,flatten,off,1,1,1,1
60min 00sec,,,,,,,1,1,1,1,1,1,1,1,flatten,off,off,off,1,1,8,59
60min 00sec,,,,,,,1,20,1,1,20,1,1,79,off,off,flatten,off,1,1,1,8
60min 00sec,,,,,,,1,1,1,1,1,1,1,1,flatten,off,off,off,1,1,4,59
60min 00sec,,,,,,,1,1,1,1,1,1,1,1,flatten,off,off,off,8,1,1,59
60min 00sec,,,,,,,1,1,1,1,1,1,1,1,flatten,off,off,off,2,8,1,1
60min 00sec,,,,,,,1,1,1,1,1,1,1,1,flatten,off,off,off,1,1,1,2
03min 34sec,573445 (2.294ms),26638 (2%),23796 (1%),216 (5%),28 (~0%),0 (~0%),1,1,1,1,1,1,1,1,off,off,off,off,1,1,1,1
05min 19sec,573445 (2.294ms),26638 (2%),23796 (1%),216 (5%),28 (~0%),0 (~0%),40,1,1,1,1,1,1,1,off,off,off,off,1,1,1,1
05min 25sec,570405 (2.282ms),29750 (2%),24702 (1%),216 (5%),28 (~0%),0 (~0%),1,20,1,1,1,1,1,1,off,off,off,off,1,1,1,1
05min 23sec,623205 (2.493ms),29831 (2%),26290 (1%),280 (6%),28 (~0%),0 (~0%),1,1,59,1,1,1,1,1,off,off,off,off,1,1,1,1
06min 35sec,386323 (1.545ms),216177 (18%),259958 (10%),152 (3%),1114 (16%),0 (~0%),1,1,1,1,1,79,1,1,off,off,off,off,1,1,1,1
05min 33sec,3836584 (15.346ms),34893 (2%),33707 (1%),344 (7%),30 (~0%),0 (~0%),1,1,1,1,1,1,59,1,off,off,off,off,1,1,1,1
07min 48sec,389443 (1.558ms),368993 (31%),360526 (15%),120 (2%),1588 (23%),0 (~0%),1,1,1,1,1,1,1,79,off,off,off,off,1,1,1,1
06min 11sec,459403 (1.838ms),219436 (18%),262600 (11%),216 (5%),1114 (16%),0 (~0%),1,1,59,1,1,79,1,1,off,off,off,off,1,1,1,1
06min 35sec,439203 (1.757ms),342470 (28%),351688 (14%),152 (3%),1588 (23%),0 (~0%),1,1,59,1,1,1,1,79,off,off,off,off,1,1,1,1
06min 41sec,3673382 (14.694ms),229241 (19%),278549 (11%),248 (5%),1116 (16%),0 (~0%),1,1,1,1,1,79,59,1,off,off,off,off,1,1,1,1
07min 24sec,386643 (1.547ms),368990 (31%),360523 (15%),120 (2%),1588 (23%),0 (~0%),1,8,1,1,1,1,1,79,off,off,off,off,1,1,1,1
07min 25sec,386563 (1.546ms),369011 (31%),360523 (15%),120 (2%),1588 (23%),0 (~0%),1,10,1,1,1,1,1,79,off,off,off,off,1,1,1,1
60min 00sec,,,,,,,1,1,1,1,15,79,1,1,off,off,off,off,1,1,1,1
60min 00sec,,,,,,,1,1,1,1,10,79,1,1,off,off,off,off,1,1,1,1
04min 59sec,386323 (1.545ms),216177 (18%),259958 (10%),152 (3%),1114 (16%),0 (~0%),40,1,1,1,1,79,1,1,off,off,off,off,1,1,1,1
05min 59sec,386563 (1.546ms),369011 (31%),360523 (15%),120 (2%),1588 (23%),0 (~0%),40,10,1,1,1,1,1,79,off,off,off,off,1,1,1,1
60min 00sec,,,,,,,1,10,1,1,1,1,59,79,off,off,off,off,1,1,1,1
06min 13sec,199163 (0.797ms),371326 (31%),393383 (16%),120 (2%),1588 (23%),0 (~0%),1,10,1,1,1,79,1,79,off,off,off,off,1,1,1,1
07min 19sec,     ?,355621 (30%),294812 (12%),168 (3%),1596 (23%),0 (~0%),1,10,1,1,10,1,1,79,off,off,off,off,1,1,1,1
07min 12sec,     ?,355642 (30%),294773 (12%),168 (3%),1596 (23%),0 (~0%),1,10,1,1,12,1,1,79,off,off,off,off,1,1,1,1
07min 12sec,     ?,355623 (30%),294818 (12%),168 (3%),1596 (23%),0 (~0%),1,10,1,1,15,1,1,79,off,off,off,off,1,1,1,1
08min 29sec,216443 (0.933ms),290051 (24%),318541 (13%),120 (2%),1128 (16%),0 (~0%),1,10,1,1,1,1,1,79,off,flatten,off,off,1,1,1,1
06min 10sec,199163 (0.797ms),371382 (31%),393390 (16%),120 (2%),1588 (23%),0 (~0%),8,10,1,1,1,79,1,79,off,off,off,off,1,1,1,1
07min 29sec,199923 (0.8ms),412569 (34%),414386 (17%),120 (2%),1596 (23%),0 (~0%),8,10,1,1,1,1,1,79,off,flatten,off,off,1,1,1,1
06min 08sec,199003 (0.796ms),371321 (31%),393382 (16%),120 (2%),1588 (23%),0 (~0%),1,20,1,1,1,79,1,79,off,off,off,off,1,1,1,1
05min 43sec,487523 (1.95ms),343955 (29%),381794 (16%),98 (2%),1588 (23%),2 (~0%),1,10,59,1,1,79,1,79,off,off,off,off,1,1,1,1
08min 12sec,74094 (0.319ms),278339 (23%),313460 (13%),120 (2%),1114 (16%),0 (~0%),1,10,1,4,1,79,1,79,off,off,off,off,1,1,1,1
08min 17sec,216443 (0.933ms),290051 (24%),318541 (13%),120 (2%),1128 (16%),0 (~0%),1,10,1,8,1,1,1,79,off,flatten,off,off,1,1,1,1
60min 00sec,,,,,,,1,10,1,1,10,79,1,79,off,off,off,off,1,1,1,1
60min 00sec,,,,,,,1,10,1,1,1,79,59,79,off,off,off,off,1,1,1,1
08min 32sec,74094 (0.319ms),278339 (23%),313460 (13%),120 (2%),1114 (16%),0 (~0%),40,10,1,4,1,79,1,79,off,off,off,off,1,1,1,1
08min 32sec,73934 (0.319ms),278334 (23%),313459 (13%),120 (2%),1114 (16%),0 (~0%),1,20,1,4,1,79,1,79,off,off,off,off,1,1,1,1
06min 10sec,345923 (1.384ms),345459 (29%),383618 (16%),106 (2%),1588 (23%),4 (~0%),1,20,59,1,1,79,1,79,off,off,off,off,1,1,1,1
08min 36sec,64494 (0.278ms),278506 (23%),314164 (13%),120 (2%),1114 (16%),0 (~0%),1,20,1,5,1,79,1,79,off,off,off,off,1,1,1,1
17min 10sec,213711 (0.921ms),784602 (66%),674656 (28%),120 (2%),4432 (64%),0 (~0%),1,20,1,1,4,79,1,79,off,off,off,off,1,1,1,1
60min 00sec,,,,,,,1,10,1,4,1,79,59,79,off,off,off,off,1,1,1,1
60min 00sec,,,,,,,1,10,1,1,1,79,59,79,off,off,off,off,1,1,1,4
07min 36sec,47974 (0.192ms),402324 (34%),410923 (17%),120 (2%),1588 (23%),0 (~0%),8,20,1,5,1,79,1,79,off,off,off,off,1,1,1,1
07min 42sec,47974 (0.192ms),401175 (33%),409418 (17%),98 (2%),1588 (23%),0 (~0%),10,20,1,5,1,79,1,79,off,off,off,off,1,1,1,1
07min 34sec,57414 (0.23ms),401611 (33%),410231 (17%),120 (2%),1588 (23%),0 (~0%),5,20,1,4,1,79,1,79,off,off,off,off,1,1,1,1
08min 25sec,74174 (0.32ms),278318 (23%),313460 (13%),120 (2%),1114 (16%),0 (~0%),1,8,1,4,1,79,1,79,off,off,off,off,1,1,1,1
07min 26sec,834683 (3.598ms),263345 (22%),312072 (13%),140 (3%),1114 (16%),0 (~0%),1,20,59,5,1,79,1,79,off,off,off,off,1,1,1,1
08min 29sec,38534 (0.166ms),309437 (26%),328405 (13%),120 (2%),1114 (16%),0 (~0%),1,20,1,16,1,79,1,79,off,off,off,off,1,1,1,1
13min 10sec,83142 (0.358ms),681545 (57%),858658 (36%),120 (2%),3364 (49%),0 (~0%),1,20,1,5,3,79,1,79,off,off,off,off,1,1,1,1
60min 00sec,,,,,,,1,20,1,5,1,79,59,79,off,off,off,off,1,1,1,1
07min 58sec,22014 (0.088ms),431884 (36%),423659 (17%),98 (2%),1588 (23%),0 (~0%),10,20,1,16,1,79,1,79,off,off,off,off,1,1,1,1
07min 00sec,818163 (3.273ms),379675 (32%),398910 (16%),140 (3%),1588 (23%),0 (~0%),8,20,59,5,1,79,1,79,off,off,off,off,1,1,1,1
60min 00sec,,,,,,,8,20,1,5,1,79,59,79,off,off,off,off,1,1,1,1
07min 50sec,33814 (0.135ms),402662 (34%),413031 (17%),120 (2%),1588 (23%),0 (~0%),8,20,1,8,1,79,1,79,off,off,off,off,1,1,1,1
07min 50sec,48214 (0.193ms),402308 (34%),410924 (17%),120 (2%),1588 (23%),0 (~0%),8,8,1,5,1,79,1,79,off,off,off,off,1,1,1,1
60min 00sec,,,,,,,1,20,1,16,10,79,1,79,off,off,off,off,1,1,1,1
21min 44sec,66303 (0.265ms),1173340 (99%),1500980 (63%),120 (2%),5576 (81%),0 (~0%),8,20,1,5,5,79,1,79,off,off,off,off,1,1,1,1
15min 09sec,46151 (0.185ms),789163 (66%),700712 (29%),120 (2%),4432 (64%),0 (~0%),8,20,1,5,4,79,1,79,off,off,off,off,1,1,1,1
07min 50sec,33814 (0.135ms),401925 (33%),412048 (17%),106 (2%),1588 (23%),0 (~0%),20,20,1,8,1,79,1,79,off,off,off,off,1,1,1,1
07min 44sec,33814 (0.135ms),401513 (33%),411526 (17%),98 (2%),1588 (23%),0 (~0%),10,20,1,8,1,79,1,79,off,off,off,off,1,1,1,1
07min 35sec,33814 (0.135ms),402109 (34%),413044 (17%),120 (2%),1588 (23%),0 (~0%),5,20,1,8,1,79,1,79,off,off,off,off,1,1,1,1
07min 54sec,22054 (0.088ms),431865 (36%),423659 (17%),98 (2%),1588 (23%),0 (~0%),10,16,1,16,1,79,1,79,off,off,off,off,1,1,1,1
07min 28sec,168923 (0.676ms),392072 (33%),399671 (16%),116 (2%),1588 (23%),0 (~0%),10,20,59,16,1,79,1,79,off,off,off,off,1,1,1,1
60min 00sec,,,,,,,10,20,1,16,10,79,1,79,off,off,off,off,1,1,1,1
60min 00sec,,,,,,,10,20,1,16,1,79,59,79,off,off,off,off,1,1,1,1
07min 47sec,22084 (0.088ms),433265 (36%),425101 (17%),120 (2%),1588 (23%),0 (~0%),4,20,1,16,1,79,1,79,off,off,off,off,1,1,1,1
07min 56sec,22174 (0.089ms),431889 (36%),423660 (17%),98 (2%),1588 (23%),0 (~0%),10,10,1,16,1,79,1,79,off,off,off,off,1,1,1,1
12min 08sec,40662 (0.163ms),743120 (62%),901944 (38%),98 (2%),3364 (49%),0 (~0%),10,20,1,16,3,79,1,79,off,off,off,off,1,1,1,1
03min 29sec,573445 (2.294ms),26638 (2%),23796 (1%),216 (5%),28 (~0%),0 (~0%),1,1,1,1,1,1,1,1,off,off,off,off,1,1,1,1
05min 16sec,573445 (2.294ms),26638 (2%),23796 (1%),216 (5%),28 (~0%),0 (~0%),40,1,1,1,1,1,1,1,off,off,off,off,1,1,1,1
05min 20sec,623205 (2.493ms),29831 (2%),26290 (1%),280 (6%),28 (~0%),0 (~0%),1,1,59,1,1,1,1,1,off,off,off,off,1,1,1,1
05min 30sec,3836584 (15.346ms),34893 (2%),33707 (1%),344 (7%),30 (~0%),0 (~0%),1,1,1,1,1,1,59,1,off,off,off,off,1,1,1,1
05min 20sec,571045 (2.284ms),26635 (2%),23794 (1%),216 (5%),28 (~0%),0 (~0%),1,4,1,1,1,1,1,1,off,off,off,off,1,1,1,1
05min 37sec,     ?,33174 (2%),28656 (1%),296 (6%),36 (~0%),0 (~0%),1,1,1,1,10,1,1,1,off,off,off,off,1,1,1,1
06min 26sec,386323 (1.545ms),216177 (18%),259958 (10%),152 (3%),1114 (16%),0 (~0%),1,1,1,1,1,79,1,1,off,off,off,off,1,1,1,1
04min 59sec,386323 (1.545ms),215496 (18%),258982 (10%),138 (3%),1114 (16%),0 (~0%),20,1,1,1,1,79,1,1,off,off,off,off,1,1,1,1
04min 48sec,383323 (1.533ms),216343 (18%),259954 (10%),152 (3%),1114 (16%),0 (~0%),1,16,1,1,1,79,1,1,off,off,off,off,1,1,1,1
04min 57sec,459403 (1.838ms),219436 (18%),262600 (11%),216 (5%),1114 (16%),0 (~0%),1,1,59,1,1,79,1,1,off,off,off,off,1,1,1,1
06min 08sec,202043 (0.808ms),371308 (31%),393386 (16%),120 (2%),1588 (23%),0 (~0%),1,1,1,1,1,79,1,79,off,off,off,off,1,1,1,1
05min 42sec,3673382 (14.694ms),229241 (19%),278549 (11%),248 (5%),1116 (16%),0 (~0%),1,1,1,1,1,79,59,1,off,off,off,off,1,1,1,1
04min 52sec,386323 (1.545ms),216177 (18%),259958 (10%),152 (3%),1114 (16%),0 (~0%),1,1,1,1,1,79,1,1,off,off,flatten,off,1,1,1,1
06min 40sec,202043 (0.808ms),371364 (31%),393393 (16%),120 (2%),1588 (23%),0 (~0%),8,1,1,1,1,79,1,79,off,off,off,off,1,1,1,1
06min 38sec,202043 (0.808ms),370215 (31%),391888 (16%),98 (2%),1588 (23%),0 (~0%),10,1,1,1,1,79,1,79,off,off,off,off,1,1,1,1
06min 34sec,199043 (0.796ms),371302 (31%),393382 (16%),120 (2%),1588 (23%),0 (~0%),1,16,1,1,1,79,1,79,off,off,off,off,1,1,1,1
06min 29sec,199043 (0.796ms),371302 (31%),393382 (16%),120 (2%),1588 (23%),0 (~0%),1,16,1,1,1,79,1,79,off,off,off,off,1,1,1,1
05min 59sec,275123 (1.1ms),344785 (29%),384548 (16%),152 (3%),1588 (23%),0 (~0%),1,1,59,1,1,79,1,79,off,off,off,off,1,1,1,1
08min 34sec,53374 (0.23ms),278867 (23%),316276 (13%),120 (2%),1114 (16%),0 (~0%),1,1,1,8,1,79,1,79,off,off,off,off,1,1,1,1
60min 00sec,,,,,,,1,1,1,1,20,79,1,79,off,off,off,off,1,1,1,1
07min 30sec,36854 (0.147ms),402649 (34%),413035 (17%),120 (2%),1588 (23%),0 (~0%),8,1,1,8,1,79,1,79,off,off,off,off,1,1,1,1
08min 28sec,50374 (0.217ms),278861 (23%),316272 (13%),120 (2%),1114 (16%),0 (~0%),1,16,1,8,1,79,1,79,off,off,off,off,1,1,1,1
07min 25sec,126443 (0.545ms),257377 (21%),312048 (13%),152 (3%),1114 (16%),0 (~0%),1,1,59,8,1,79,1,79,off,off,off,off,1,1,1,1
05min 43sec,275123 (1.1ms),346505 (29%),385185 (16%),152 (3%),1588 (23%),0 (~0%),1,16,59,1,1,79,1,79,off,off,off,off,1,1,1,1
60min 00sec,,,,,,,1,1,1,8,20,79,1,79,off,off,off,off,1,1,1,1
60min 00sec,,,,,,,1,16,1,1,1,79,59,79,off,off,off,off,1,1,1,1
08min 30sec,53374 (0.23ms),278867 (23%),316276 (13%),120 (2%),1114 (16%),0 (~0%),40,1,1,8,1,79,1,79,off,off,off,off,1,1,1,1
07min 39sec,36854 (0.147ms),401912 (33%),412052 (17%),106 (2%),1588 (23%),0 (~0%),20,1,1,8,1,79,1,79,off,off,off,off,1,1,1,1
07min 35sec,33854 (0.135ms),402643 (34%),413031 (17%),120 (2%),1588 (23%),0 (~0%),8,16,1,8,1,79,1,79,off,off,off,off,1,1,1,1
07min 34sec,33924 (0.136ms),402875 (34%),412968 (17%),120 (2%),1588 (23%),0 (~0%),4,16,1,8,1,79,1,79,off,off,off,off,1,1,1,1
06min 44sec,109923 (0.44ms),373671 (31%),398886 (16%),152 (3%),1588 (23%),0 (~0%),8,1,59,8,1,79,1,79,off,off,off,off,1,1,1,1
07min 40sec,36854 (0.147ms),401500 (33%),411530 (17%),98 (2%),1588 (23%),0 (~0%),10,1,1,8,1,79,1,79,off,off,off,off,1,1,1,1
07min 28sec,126443 (0.545ms),259097 (21%),312685 (13%),152 (3%),1114 (16%),0 (~0%),1,16,59,8,1,79,1,79,off,off,off,off,1,1,1,1
07min 21sec,33854 (0.135ms),402090 (34%),413044 (17%),120 (2%),1588 (23%),0 (~0%),5,16,1,8,1,79,1,79,off,off,off,off,1,1,1,1
08min 44sec,50374 (0.217ms),278861 (23%),316272 (13%),120 (2%),1114 (16%),0 (~0%),40,16,1,8,1,79,1,79,off,off,off,off,1,1,1,1
08min 40sec,50374 (0.217ms),278861 (23%),316272 (13%),120 (2%),1114 (16%),0 (~0%),40,16,1,8,1,79,1,79,off,off,off,off,1,1,1,1
07min 05sec,109923 (0.44ms),375391 (31%),399523 (16%),152 (3%),1588 (23%),0 (~0%),8,16,59,8,1,79,1,79,off,off,off,off,1,1,1,1
07min 57sec,22054 (0.088ms),433014 (36%),425164 (17%),120 (2%),1588 (23%),0 (~0%),8,16,1,16,1,79,1,79,off,off,off,off,1,1,1,1
60min 00sec,,,,,,,8,16,1,8,15,79,1,79,off,off,off,off,1,1,1,1
60min 00sec,,,,,,,8,16,1,8,1,79,59,79,off,off,off,off,1,1,1,1
60min 00sec,,,,,,,8,16,1,8,1,79,1,79,flatten,off,off,off,1,1,1,1
07min 47sec,33854 (0.135ms),402643 (34%),413031 (17%),120 (2%),1588 (23%),0 (~0%),8,16,1,8,1,79,1,79,off,off,flatten,off,1,1,1,1
07min 48sec,33854 (0.135ms),401906 (33%),412048 (17%),106 (2%),1588 (23%),0 (~0%),20,16,1,8,1,79,1,79,off,off,off,off,1,1,1,1
07min 08sec,98123 (0.392ms),394388 (33%),402206 (17%),152 (3%),1588 (23%),0 (~0%),8,16,59,16,1,79,1,79,off,off,off,off,1,1,1,1
15min 44sec,20231 (0.081ms),837710 (70%),715964 (30%),120 (2%),4432 (64%),0 (~0%),8,16,1,16,4,79,1,79,off,off,off,off,1,1,1,1
60min 00sec,,,,,,,8,16,1,16,1,79,59,79,off,off,off,off,1,1,1,1
60min 00sec,,,,,,,8,16,1,16,1,79,1,79,flatten,off,off,off,1,1,1,1
07min 42sec,22054 (0.088ms),433014 (36%),425164 (17%),120 (2%),1588 (23%),0 (~0%),8,16,1,16,1,79,1,79,off,off,flatten,off,1,1,1,1
60min 00sec,,,,,,,1,1,1,8,20,79,1,79,off,off,off,off,2,1,1,1
60min 00sec,,,,,,,1,1,1,1,20,79,1,79,off,off,off,off,1,1,2,1
07min 51sec,22054 (0.088ms),432277 (36%),424181 (17%),106 (2%),1588 (23%),0 (~0%),20,16,1,16,1,79,1,79,off,off,off,off,1,1,1,1
08min 31sec,38574 (0.166ms),309418 (26%),328405 (13%),120 (2%),1114 (16%),0 (~0%),40,16,1,16,1,79,1,79,off,off,off,off,1,1,1,1
14min 49sec,98111 (0.392ms),806358 (68%),707662 (29%),152 (3%),4432 (64%),0 (~0%),8,16,59,16,4,79,1,79,off,off,off,off,1,1,1,1
29min 55sec,40303 (0.161ms),1457154 (123%),1792169 (75%),120 (2%),6682 (97%),0 (~0%),8,16,1,16,6,79,1,79,off,off,off,off,1,1,1,1
60min 00sec,,,,,,,8,16,1,16,10,79,1,79,off,off,off,off,1,1,1,1
60min 00sec,,,,,,,8,16,1,16,4,79,59,79,off,off,off,off,1,1,1,1
60min 00sec,,,,,,,8,16,1,16,4,79,1,79,flatten,off,off,off,1,1,1,1
15min 09sec,20231 (0.081ms),836973 (70%),714981 (30%),106 (2%),4432 (64%),0 (~0%),20,16,1,16,4,79,1,79,off,off,off,off,1,1,1,1
11min 43sec,40702 (0.163ms),744250 (62%),903449 (38%),120 (2%),3364 (49%),0 (~0%),8,16,1,16,3,79,1,79,off,off,off,off,1,1,1,1
20min 49sec,40383 (0.162ms),1213674 (102%),1475150 (62%),120 (2%),5576 (81%),0 (~0%),8,16,1,16,5,79,1,79,off,off,off,off,1,1,1,1
60min 00sec,,,,,,,8,16,1,16,1,79,59,79,off,off,off,off,1,1,2,1
60min 00sec,,,,,,,8,16,1,16,1,79,59,79,off,off,off,off,1,1,4,1
60min 00sec,,,,,,,8,16,1,8,1,79,59,79,off,off,off,off,1,1,1,2
15min 18sec,20231 (0.081ms),836561 (70%),714459 (30%),98 (2%),4432 (64%),0 (~0%),10,16,1,16,4,79,1,79,off,off,off,off,1,1,1,1
14min 59sec,20431 (0.082ms),837713 (70%),715965 (30%),120 (2%),4432 (64%),0 (~0%),8,8,1,16,4,79,1,79,off,off,off,off,1,1,1,1
15min 07sec,27311 (0.109ms),805872 (68%),703659 (29%),120 (2%),4432 (64%),0 (~0%),8,16,1,10,4,79,1,79,off,off,off,off,1,1,1,1
60min 00sec,,,,,,,8,16,1,16,12,79,1,79,off,off,off,off,1,1,1,1
60min 00sec,,,,,,,8,16,1,16,15,79,1,79,off,off,off,off,1,1,1,1
03min 14sec,573445 (2.294ms),26638 (2%),23796 (1%),216 (5%),28 (~0%),0 (~0%),1,1,1,1,1,1,1,1,off,off,off,off,1,1,1,1
03min 52sec,573445 (2.294ms),25545 (2%),22298 (~0%),194 (4%),28 (~0%),0 (~0%),10,1,1,1,1,1,1,1,off,off,off,off,1,1,1,1
04min 43sec,573445 (2.294ms),25957 (2%),22820 (~0%),202 (4%),28 (~0%),0 (~0%),20,1,1,1,1,1,1,1,off,off,off,off,1,1,1,1
03min 40sec,570445 (2.282ms),26804 (2%),23792 (1%),216 (5%),28 (~0%),0 (~0%),1,16,1,1,1,1,1,1,off,off,off,off,1,1,1,1
03min 16sec,623205 (2.493ms),29831 (2%),26290 (1%),280 (6%),28 (~0%),0 (~0%),1,1,59,1,1,1,1,1,off,off,off,off,1,1,1,1
03min 47sec,408336 (1.633ms),45532 (3%),40196 (1%),248 (5%),120 (1%),0 (~0%),1,1,1,16,1,1,1,1,off,off,off,off,1,1,1,1
04min 15sec,     ?,33176 (2%),28662 (1%),296 (6%),36 (~0%),0 (~0%),1,1,1,1,15,1,1,1,off,off,off,off,1,1,1,1
06min 03sec,386323 (1.545ms),216177 (18%),259958 (10%),152 (3%),1114 (16%),0 (~0%),1,1,1,1,1,79,1,1,off,off,off,off,1,1,1,1
05min 25sec,389443 (1.558ms),368993 (31%),360526 (15%),120 (2%),1588 (23%),0 (~0%),1,1,1,1,1,1,1,79,off,off,off,off,1,1,1,1
04min 09sec,573515 (2.294ms),26926 (2%),23740 (1%),216 (5%),28 (~0%),0 (~0%),4,1,1,1,1,1,1,1,off,off,off,off,1,1,1,1
03min 21sec,570565 (2.282ms),27168 (2%),23802 (1%),216 (5%),28 (~0%),0 (~0%),1,10,1,1,1,1,1,1,off,off,off,off,1,1,1,1
03min 38sec,786445 (3.146ms),36302 (3%),30749 (1%),312 (7%),42 (~0%),0 (~0%),1,1,30,1,1,1,1,1,off,off,off,off,1,1,1,1
04min 44sec,408256 (1.633ms),39411 (3%),35335 (1%),216 (5%),120 (1%),0 (~0%),1,1,1,8,1,1,1,1,off,off,off,off,1,1,1,1
03min 39sec,     ?,33174 (2%),28656 (1%),296 (6%),36 (~0%),0 (~0%),1,1,1,1,10,1,1,1,off,off,off,off,1,1,1,1
04min 22sec,570283 (2.281ms),128440 (10%),172170 (7%),152 (3%),454 (6%),0 (~0%),1,1,1,1,1,40,1,1,off,off,off,off,1,1,1,1
04min 50sec,3836584 (15.346ms),34893 (2%),33707 (1%),344 (7%),30 (~0%),0 (~0%),1,1,1,1,1,1,59,1,off,off,off,off,1,1,1,1
80min 00sec,,,,,,,1,1,1,1,1,1,1,39,off,off,off,off,1,1,1,1
04min 50sec,573445 (2.294ms),26141 (2%),23816 (1%),216 (5%),28 (~0%),0 (~0%),5,1,1,1,1,1,1,1,off,off,off,off,1,1,1,1
04min 43sec,573445 (2.294ms),26694 (2%),23803 (1%),216 (5%),28 (~0%),0 (~0%),8,1,1,1,1,1,1,1,off,off,off,off,1,1,1,1
04min 43sec,570645 (2.283ms),26635 (2%),23793 (1%),216 (5%),28 (~0%),0 (~0%),1,8,1,1,1,1,1,1,off,off,off,off,1,1,1,1
03min 58sec,792365 (3.169ms),36032 (3%),30930 (1%),296 (6%),42 (~0%),0 (~0%),1,1,29,1,1,1,1,1,off,off,off,off,1,1,1,1
05min 18sec,480898 (2.055ms),56369 (4%),53247 (2%),224 (5%),156 (2%),0 (~0%),1,1,1,10,1,1,1,1,off,off,off,off,1,1,1,1
04min 59sec,     ?,33195 (2%),28617 (1%),296 (6%),36 (~0%),0 (~0%),1,1,1,1,12,1,1,1,off,off,off,off,1,1,1,1
03min 53sec,5414264 (21.657ms),45374 (3%),40140 (1%),376 (8%),50 (~0%),0 (~0%),1,1,1,1,1,1,30,1,off,off,off,off,1,1,1,1
05min 23sec,690322 (2.95ms),88945 (7%),74544 (3%),264 (6%),208 (3%),0 (~0%),1,1,1,1,1,1,1,20,off,off,off,off,1,1,1,1
05min 42sec,573515 (2.294ms),26864 (2%),23740 (1%),216 (5%),28 (~0%),0 (~0%),2,1,1,1,1,1,1,1,off,off,off,off,1,1,1,1
03min 04sec,573445 (2.294ms),26638 (2%),23796 (1%),216 (5%),28 (~0%),0 (~0%),40,1,1,1,1,1,1,1,off,off,off,off,1,1,1,1
04min 50sec,571045 (2.284ms),26635 (2%),23794 (1%),216 (5%),28 (~0%),0 (~0%),1,4,1,1,1,1,1,1,off,off,off,off,1,1,1,1
03min 40sec,686525 (2.746ms),36326 (3%),30733 (1%),312 (7%),42 (~0%),0 (~0%),1,1,15,1,1,1,1,1,off,off,off,off,1,1,1,1
05min 39sec,574616 (2.456ms),32279 (2%),26830 (1%),216 (5%),28 (~0%),0 (~0%),1,1,1,5,1,1,1,1,off,off,off,off,1,1,1,1
04min 09sec,     ?,33183 (2%),28666 (1%),296 (6%),36 (~0%),0 (~0%),1,1,1,1,20,1,1,1,off,off,off,off,1,1,1,1
04min 28sec,519883 (2.08ms),142800 (12%),191256 (8%),152 (3%),674 (9%),0 (~0%),1,1,1,1,1,60,1,1,off,off,off,off,1,1,1,1
03min 56sec,4595224 (18.381ms),45376 (3%),40057 (1%),376 (8%),50 (~0%),0 (~0%),1,1,1,1,1,1,15,1,off,off,off,off,1,1,1,1
03min 17sec,570885 (2.284ms),26984 (2%),23794 (1%),216 (5%),28 (~0%),0 (~0%),1,5,1,1,1,1,1,1,off,off,off,off,1,1,1,1
03min 36sec,719485 (2.878ms),36222 (3%),30615 (1%),312 (7%),42 (~0%),0 (~0%),1,1,20,1,1,1,1,1,off,off,off,off,1,1,1,1
03min 47sec,431856 (1.727ms),34017 (2%),28718 (1%),216 (5%),64 (~0%),0 (~0%),1,1,1,4,1,1,1,1,off,off,off,off,1,1,1,1
03min 58sec,     ?,34731 (2%),30153 (1%),248 (5%),36 (~0%),0 (~0%),1,1,1,1,6,1,1,1,off,off,off,off,1,1,1,1
60min 00sec,,,,,,,1,1,1,1,1,30,1,1,off,off,off,off,1,1,1,1
04min 57sec,386925 (1.548ms),219603 (18%),185534 (7%),152 (3%),1128 (16%),0 (~0%),1,1,1,1,1,1,1,1,off,flatten,off,off,1,1,1,1
05min 38sec,389443 (1.558ms),368993 (31%),360526 (15%),120 (2%),1588 (23%),0 (~0%),1,1,1,1,1,1,1,1,off,off,off,flatten,1,1,1,1
03min 29sec,570405 (2.282ms),29750 (2%),24702 (1%),216 (5%),28 (~0%),0 (~0%),1,20,1,1,1,1,1,1,off,off,off,off,1,1,1,1
03min 46sec,654605 (2.618ms),36193 (3%),30586 (1%),312 (7%),42 (~0%),0 (~0%),1,1,10,1,1,1,1,1,off,off,off,off,1,1,1,1
05min 07sec,433698 (1.853ms),73368 (6%),62502 (2%),264 (6%),184 (2%),0 (~0%),1,1,1,20,1,1,1,1,off,off,off,off,1,1,1,1
03min 46sec,     ?,34813 (2%),30180 (1%),248 (5%),36 (~0%),0 (~0%),1,1,1,1,5,1,1,1,off,off,off,off,1,1,1,1
05min 27sec,567603 (2.27ms),186272 (15%),219833 (9%),120 (2%),680 (9%),0 (~0%),1,1,1,1,1,1,1,60,off,off,off,off,1,1,1,1
03min 30sec,572925 (2.292ms),30606 (2%),26490 (1%),190 (4%),28 (~0%),0 (~0%),3,1,1,1,1,1,1,1,off,off,off,off,1,1,1,1
03min 43sec,572999 (2.292ms),31766 (2%),27380 (1%),194 (4%),28 (~0%),0 (~0%),6,1,1,1,1,1,1,1,off,off,off,off,1,1,1,1
03min 46sec,570125 (2.28ms),57198 (4%),42520 (1%),184 (4%),28 (~0%),0 (~0%),1,80,1,1,1,1,1,1,off,off,off,off,1,1,1,1
03min 44sec,846445 (3.386ms),36822 (3%),30495 (1%),312 (7%),42 (~0%),0 (~0%),1,1,40,1,1,1,1,1,off,off,off,off,1,1,1,1
05min 01sec,386925 (1.548ms),219603 (18%),185534 (7%),152 (3%),1128 (16%),0 (~0%),1,1,1,80,1,1,1,1,off,off,off,off,1,1,1,1
04min 27sec,558283 (2.233ms),132032 (11%),176956 (7%),152 (3%),509 (7%),0 (~0%),1,1,1,1,1,45,1,1,off,off,off,off,1,1,1,1
05min 33sec,690322 (2.95ms),88945 (7%),74544 (3%),264 (6%),208 (3%),0 (~0%),1,1,1,1,1,1,1,20,off,off,off,off,1,1,1,1
03min 39sec,573001 (2.292ms),31409 (2%),28234 (1%),202 (4%),28 (~0%),0 (~0%),9,1,1,1,1,1,1,1,off,off,off,off,1,1,1,1
03min 49sec,747485 (2.99ms),36228 (3%),30608 (1%),312 (7%),42 (~0%),0 (~0%),1,1,25,1,1,1,1,1,off,off,off,off,1,1,1,1
04min 50sec,564762 (2.259ms),54773 (4%),61676 (2%),216 (5%),216 (3%),0 (~0%),1,1,1,1,1,20,1,1,off,off,off,off,1,1,1,1
05min 46sec,567603 (2.27ms),186272 (15%),219833 (9%),120 (2%),680 (9%),0 (~0%),1,1,1,1,1,1,1,60,off,off,off,off,1,1,1,1
60min 00sec,,,,,,,1,1,1,1,1,30,1,1,off,off,off,off,2,1,1,1
60min 00sec,,,,,,,1,1,1,1,1,30,1,1,off,off,off,off,1,4,1,1
60min 00sec,,,,,,,1,1,1,1,1,30,1,1,off,off,off,off,1,1,4,1
03min 35sec,573445 (2.294ms),26638 (2%),23796 (1%),216 (5%),28 (~0%),0 (~0%),1,1,1,1,1,1,1,1,off,off,off,off,1,1,1,1
03min 28sec,573445 (2.294ms),26638 (2%),23796 (1%),216 (5%),28 (~0%),0 (~0%),40,1,1,1,1,1,1,1,off,off,off,off,1,1,1,1
03min 26sec,623205 (2.493ms),29831 (2%),26290 (1%),280 (6%),28 (~0%),0 (~0%),1,1,59,1,1,1,1,1,off,off,off,off,1,1,1,1
03min 20sec,573445 (2.294ms),26638 (2%),23796 (1%),216 (5%),28 (~0%),0 (~0%),40,1,1,1,1,1,1,1,off,off,off,off,1,1,1,1
03min 36sec,570405 (2.282ms),29750 (2%),24702 (1%),216 (5%),28 (~0%),0 (~0%),40,20,1,1,1,1,1,1,off,off,off,off,1,1,1,1
03min 41sec,670405 (2.682ms),30395 (2%),25695 (1%),170 (3%),28 (~0%),12 (1%),40,20,59,1,1,1,1,1,off,off,off,off,1,1,1,1
03min 43sec,670405 (2.682ms),30395 (2%),25695 (1%),170 (3%),28 (~0%),12 (1%),40,20,59,1,1,1,1,1,off,off,off,off,1,1,1,1
03min 35sec,405216 (1.621ms),42977 (3%),36238 (1%),216 (5%),120 (1%),0 (~0%),40,20,1,8,1,1,1,1,off,off,off,off,1,1,1,1
03min 54sec,505205 (2.021ms),44246 (3%),37517 (1%),202 (4%),120 (1%),8 (~0%),40,20,59,8,1,1,1,1,off,off,off,off,1,1,1,1
03min 33sec,393416 (1.574ms),59505 (5%),50490 (2%),248 (5%),232 (3%),0 (~0%),40,20,1,16,1,1,1,1,off,off,off,off,1,1,1,1
05min 13sec,3673864 (14.695ms),60369 (5%),58586 (2%),344 (7%),234 (3%),0 (~0%),40,20,1,16,1,1,59,1,off,off,off,off,1,1,1,1
06min 41sec,493405 (1.974ms),62036 (5%),52804 (2%),234 (5%),232 (3%),8 (~0%),40,20,59,16,1,1,1,1,off,off,off,off,1,1,1,1
10min 39sec,206294 (0.825ms),259157 (21%),271529 (11%),152 (3%),1114 (16%),0 (~0%),40,20,1,16,1,79,1,1,off,off,off,off,1,1,1,1
10min 43sec,353203 (1.413ms),261636 (22%),273719 (11%),138 (3%),1114 (16%),8 (~0%),40,20,59,16,1,79,1,1,off,off,off,off,1,1,1,1
40min 00sec,,,,,,,40,20,1,16,10,79,1,1,off,off,off,off,1,1,1,1
05min 30sec,3510662 (14.043ms),234198 (19%),284616 (12%),248 (5%),1116 (16%),0 (~0%),40,20,1,16,1,79,59,1,off,off,off,off,1,1,1,1
07min 26sec,38534 (0.166ms),309437 (26%),328405 (13%),120 (2%),1114 (16%),0 (~0%),40,20,1,16,1,79,1,79,off,off,off,off,1,1,1,1
07min 08sec,185443 (0.799ms),277113 (23%),314338 (13%),138 (3%),1114 (16%),0 (~0%),40,20,59,16,1,79,1,79,off,off,off,off,1,1,1,1
07min 39sec,236083 (1.018ms),322325 (27%),355998 (15%),202 (4%),1339 (19%),0 (~0%),40,20,29,16,1,79,1,79,off,off,off,off,1,1,1,1
07min 03sec,185443 (0.799ms),277113 (23%),314338 (13%),138 (3%),1114 (16%),0 (~0%),40,20,59,16,1,79,1,79,off,off,off,off,1,1,1,1
06min 31sec,185443 (0.799ms),277113 (23%),314338 (13%),138 (3%),1114 (16%),0 (~0%),40,20,59,16,1,79,1,79,off,off,off,off,1,1,1,1
40min 00sec,,,,,,,40,20,59,16,20,79,1,79,off,off,off,off,1,1,1,1
08min 49sec,185443 (0.799ms),277113 (23%),314338 (13%),138 (3%),1114 (16%),0 (~0%),40,20,59,16,1,79,1,79,off,off,off,off,1,1,1,1
40min 00sec,,,,,,,40,20,59,16,1,79,1,79,flatten,off,off,off,1,1,1,1
27min 09sec,205703 (0.887ms),1396420 (118%),1739089 (73%),138 (3%),6682 (97%),0 (~0%),40,20,59,16,6,79,1,79,off,off,off,off,1,1,1,1
40min 00sec,,,,,,,40,20,59,16,1,79,59,79,off,off,off,off,1,1,1,1
07min 39sec,38534 (0.166ms),309437 (26%),328405 (13%),120 (2%),1114 (16%),0 (~0%),40,20,1,16,1,79,1,79,off,off,off,off,1,1,1,1
08min 00sec,236083 (1.018ms),322325 (27%),355998 (15%),202 (4%),1339 (19%),0 (~0%),40,20,29,16,1,79,1,79,off,off,off,off,1,1,1,1
07min 13sec,185443 (0.799ms),277113 (23%),314338 (13%),138 (3%),1114 (16%),0 (~0%),40,20,59,16,1,79,1,79,off,off,off,off,1,1,1,1
03min 17sec,573445 (2.294ms),26638 (2%),23796 (1%),216 (5%),28 (~0%),0 (~0%),1,1,1,1,1,1,1,1,off,off,off,off,1,1,1,1
03min 17sec,623205 (2.493ms),29831 (2%),26290 (1%),280 (6%),28 (~0%),0 (~0%),1,1,59,1,1,1,1,1,off,off,off,off,1,1,1,1
03min 25sec,570125 (2.28ms),57198 (4%),42520 (1%),184 (4%),28 (~0%),0 (~0%),40,80,1,1,1,1,1,1,off,off,off,off,1,1,1,1
03min 09sec,596685 (2.387ms),28954 (2%),25318 (1%),280 (6%),28 (~0%),0 (~0%),40,80,59,1,1,1,1,1,off,off,off,off,1,1,1,1
03min 08sec,596685 (2.387ms),28954 (2%),25318 (1%),280 (6%),28 (~0%),0 (~0%),40,80,59,1,1,1,1,1,off,off,off,off,1,1,1,1
03min 07sec,596685 (2.387ms),28954 (2%),25318 (1%),280 (6%),28 (~0%),0 (~0%),40,80,59,1,1,1,1,1,off,off,off,off,1,1,1,1
07min 25sec,240574 (1.037ms),210232 (17%),223942 (9%),120 (2%),355 (5%),0 (~0%),1,1,1,8,1,1,1,79,off,off,off,off,1,1,1,1
06min 28sec,290323 (1.251ms),188742 (15%),219714 (9%),152 (3%),355 (5%),0 (~0%),1,1,59,8,1,1,1,79,off,off,off,off,1,1,1,1
07min 30sec,53374 (0.23ms),278867 (23%),316276 (13%),120 (2%),1114 (16%),0 (~0%),1,1,1,8,1,79,1,79,off,off,off,off,1,1,1,1
06min 38sec,126443 (0.545ms),257377 (21%),312048 (13%),152 (3%),1114 (16%),0 (~0%),1,1,59,8,1,79,1,79,off,off,off,off,1,1,1,1
06min 43sec,36854 (0.147ms),402649 (34%),413035 (17%),120 (2%),1588 (23%),0 (~0%),8,1,1,8,1,79,1,79,off,off,off,off,1,1,1,1
05min 54sec,109923 (0.44ms),373671 (31%),398886 (16%),152 (3%),1588 (23%),0 (~0%),8,1,59,8,1,79,1,79,off,off,off,off,1,1,1,1
06min 42sec,25054 (0.1ms),433020 (36%),425168 (17%),120 (2%),1588 (23%),0 (~0%),8,1,1,16,1,79,1,79,off,off,off,off,1,1,1,1
06min 05sec,98123 (0.392ms),392668 (33%),401569 (16%),152 (3%),1588 (23%),0 (~0%),8,1,59,16,1,79,1,79,off,off,off,off,1,1,1,1
07min 44sec,389443 (1.558ms),369049 (31%),360533 (15%),120 (2%),1588 (23%),0 (~0%),8,1,1,1,1,1,1,79,off,off,off,off,1,1,1,1
07min 47sec,386643 (1.547ms),368990 (31%),360523 (15%),120 (2%),1588 (23%),0 (~0%),1,8,1,1,1,1,1,79,off,off,off,off,1,1,1,1
07min 02sec,439203 (1.757ms),342470 (28%),351688 (14%),152 (3%),1588 (23%),0 (~0%),1,1,59,1,1,1,1,79,off,off,off,off,1,1,1,1
09min 41sec,228774 (0.986ms),241757 (20%),238313 (10%),120 (2%),403 (5%),0 (~0%),1,1,1,16,1,1,1,79,off,off,off,off,1,1,1,1
08min 45sec,     ?,355605 (30%),294821 (12%),168 (3%),1596 (23%),0 (~0%),1,1,1,1,15,1,1,79,off,off,off,off,1,1,1,1
07min 37sec,202043 (0.808ms),371308 (31%),393386 (16%),120 (2%),1588 (23%),0 (~0%),1,1,1,1,1,79,1,79,off,off,off,off,1,1,1,1
80min 00sec,,,,,,,1,1,1,1,1,1,59,79,off,off,off,off,1,1,1,1
06min 19sec,386393 (1.546ms),216403 (18%),259902 (10%),152 (3%),1114 (16%),0 (~0%),2,1,1,1,1,79,1,1,off,off,off,off,1,1,1,1
06min 10sec,383523 (1.534ms),216174 (18%),259955 (10%),152 (3%),1114 (16%),0 (~0%),1,8,1,1,1,79,1,1,off,off,off,off,1,1,1,1
06min 26sec,459403 (1.838ms),219436 (18%),262600 (11%),216 (5%),1114 (16%),0 (~0%),1,1,59,1,1,79,1,1,off,off,off,off,1,1,1,1
07min 02sec,221134 (0.885ms),238988 (20%),268969 (11%),152 (3%),1114 (16%),0 (~0%),1,1,1,8,1,79,1,1,off,off,off,off,1,1,1,1
14min 23sec,384311 (1.537ms),744018 (62%),628155 (26%),152 (3%),4432 (64%),0 (~0%),1,1,1,1,4,79,1,1,off,off,off,off,1,1,1,1
07min 20sec,3673382 (14.694ms),229241 (19%),278549 (11%),248 (5%),1116 (16%),0 (~0%),1,1,1,1,1,79,59,1,off,off,off,off,1,1,1,1
07min 49sec,199883 (0.8ms),285141 (24%),315305 (13%),120 (2%),1128 (16%),0 (~0%),1,1,1,1,1,79,1,1,off,flatten,off,off,1,1,1,1
06min 09sec,386323 (1.545ms),216177 (18%),259958 (10%),152 (3%),1114 (16%),0 (~0%),1,1,1,1,1,79,1,1,off,off,flatten,off,1,1,1,1
07min 19sec,199883 (0.8ms),284460 (24%),314329 (13%),106 (2%),1128 (16%),0 (~0%),20,1,1,1,1,79,1,1,off,flatten,off,off,1,1,1,1
07min 13sec,196843 (0.787ms),285154 (24%),315301 (13%),120 (2%),1128 (16%),0 (~0%),1,20,1,1,1,79,1,1,off,flatten,off,off,1,1,1,1
80min 00sec,,,,,,,1,1,29,1,1,79,1,1,off,flatten,off,off,1,1,1,1
07min 07sec,199883 (0.8ms),285141 (24%),315305 (13%),120 (2%),1128 (16%),0 (~0%),1,1,1,10,1,79,1,1,off,flatten,off,off,1,1,1,1
19min 28sec,218343 (0.873ms),1091459 (92%),1490301 (63%),120 (2%),5576 (81%),0 (~0%),1,1,1,1,5,79,1,1,off,flatten,off,off,1,1,1,1
08min 00sec,3510662 (14.043ms),283112 (23%),338752 (14%),152 (3%),1130 (16%),0 (~0%),1,1,1,1,1,79,59,1,off,flatten,off,off,1,1,1,1
09min 49sec,32123 (0.138ms),303978 (25%),353608 (14%),120 (2%),1128 (16%),0 (~0%),1,1,1,1,1,79,1,79,off,flatten,off,off,1,1,1,1
80min 00sec,,,,,,,1,1,1,1,1,79,1,1,flatten,flatten,off,off,1,1,1,1
07min 04sec,202113 (0.808ms),371596 (31%),393330 (16%),120 (2%),1588 (23%),0 (~0%),4,1,1,1,1,79,1,79,off,off,off,off,1,1,1,1
07min 02sec,199243 (0.797ms),371305 (31%),393383 (16%),120 (2%),1588 (23%),0 (~0%),1,8,1,1,1,79,1,79,off,off,off,off,1,1,1,1
06min 20sec,275123 (1.1ms),344785 (29%),384548 (16%),152 (3%),1588 (23%),0 (~0%),1,1,59,1,1,79,1,79,off,off,off,off,1,1,1,1
80min 00sec,,,,,,,1,1,1,1,12,79,1,79,off,off,off,off,1,1,1,1
80min 00sec,,,,,,,1,1,1,1,1,79,59,79,off,off,off,off,1,1,1,1
80min 00sec,,,,,,,1,1,1,1,1,79,1,79,flatten,off,off,off,1,1,1,1
07min 01sec,202043 (0.808ms),371308 (31%),393386 (16%),120 (2%),1588 (23%),0 (~0%),1,1,1,1,1,79,1,79,off,off,off,flatten,1,1,1,1
07min 49sec,15603 (0.062ms),424438 (35%),449453 (19%),120 (2%),1596 (23%),0 (~0%),8,1,1,1,1,79,1,79,off,flatten,off,off,1,1,1,1
08min 41sec,29323 (0.126ms),303975 (25%),353605 (14%),120 (2%),1128 (16%),0 (~0%),1,8,1,1,1,79,1,79,off,flatten,off,off,1,1,1,1
80min 00sec,,,,,,,1,1,30,1,1,79,1,79,off,flatten,off,off,1,1,1,1
08min 44sec,32123 (0.138ms),303978 (25%),353608 (14%),120 (2%),1128 (16%),0 (~0%),1,1,1,16,1,79,1,79,off,flatten,off,off,1,1,1,1
67min 02sec,50183 (0.216ms),2017841 (170%),2654118 (112%),120 (2%),11106 (162%),0 (~0%),1,1,1,1,10,79,1,79,off,flatten,off,off,1,1,1,1
80min 00sec,,,,,,,1,1,1,1,1,79,30,79,off,flatten,off,off,1,1,1,1
07min 44sec,151283 (0.605ms),314910 (26%),364915 (15%),120 (2%),1128 (16%),0 (~0%),1,1,1,1,1,79,1,39,off,flatten,off,off,1,1,1,1
80min 00sec,,,,,,,1,1,1,1,1,79,1,79,flatten,flatten,off,off,1,1,1,1
07min 43sec,36854 (0.147ms),401500 (33%),411530 (17%),98 (2%),1588 (23%),0 (~0%),10,1,1,8,1,79,1,79,off,off,off,off,1,1,1,1
08min 36sec,50494 (0.218ms),278885 (23%),316273 (13%),120 (2%),1114 (16%),0 (~0%),1,10,1,8,1,79,1,79,off,off,off,off,1,1,1,1
08min 31sec,48654 (0.21ms),279169 (23%),317755 (13%),120 (2%),1114 (16%),0 (~0%),1,1,1,10,1,79,1,79,off,off,off,off,1,1,1,1
80min 00sec,,,,,,,1,1,1,8,15,79,1,79,off,off,off,off,1,1,1,1
80min 00sec,,,,,,,1,1,1,8,1,79,59,79,off,off,off,off,1,1,1,1
80min 00sec,,,,,,,1,1,1,8,1,79,1,39,off,off,off,off,1,1,1,1
80min 00sec,,,,,,,1,1,1,8,1,79,1,79,flatten,off,off,off,1,1,1,1
08min 40sec,15603 (0.062ms),423289 (35%),447948 (18%),98 (2%),1596 (23%),0 (~0%),10,1,1,1,1,79,1,79,off,flatten,off,off,1,1,1,1
08min 45sec,12803 (0.051ms),424435 (35%),449450 (19%),120 (2%),1596 (23%),0 (~0%),8,8,1,1,1,79,1,79,off,flatten,off,off,1,1,1,1
80min 00sec,,,,,,,8,1,59,1,1,79,1,79,off,flatten,off,off,1,1,1,1
08min 29sec,15603 (0.062ms),424438 (35%),449453 (19%),120 (2%),1596 (23%),0 (~0%),8,1,1,8,1,79,1,79,off,flatten,off,off,1,1,1,1
80min 00sec,,,,,,,8,1,1,1,12,79,1,79,off,flatten,off,off,1,1,1,1
80min 00sec,,,,,,,8,1,1,1,1,79,59,79,off,flatten,off,off,1,1,1,1
08min 30sec,15603 (0.062ms),424438 (35%),449453 (19%),120 (2%),1596 (23%),0 (~0%),8,1,1,1,1,79,1,79,off,flatten,off,flatten,1,1,1,1
08min 10sec,36924 (0.148ms),402881 (34%),412972 (17%),120 (2%),1588 (23%),0 (~0%),4,1,1,8,1,79,1,79,off,off,off,off,1,1,1,1
08min 12sec,36854 (0.147ms),402096 (34%),413048 (17%),120 (2%),1588 (23%),0 (~0%),5,1,1,8,1,79,1,79,off,off,off,off,1,1,1,1
08min 22sec,34454 (0.138ms),401497 (33%),411528 (17%),98 (2%),1588 (23%),0 (~0%),10,4,1,8,1,79,1,79,off,off,off,off,1,1,1,1
08min 17sec,34294 (0.137ms),401512 (33%),411528 (17%),98 (2%),1588 (23%),0 (~0%),10,5,1,8,1,79,1,79,off,off,off,off,1,1,1,1
07min 26sec,109923 (0.44ms),372522 (31%),397381 (16%),130 (3%),1588 (23%),0 (~0%),10,1,59,8,1,79,1,79,off,off,off,off,1,1,1,1
71min 36sec,54943 (0.22ms),2219170 (187%),2880344 (121%),98 (2%),11106 (162%),0 (~0%),10,1,1,8,10,79,1,79,off,off,off,off,1,1,1,1
80min 00sec,,,,,,,10,1,1,8,1,79,59,79,off,off,off,off,1,1,1,1
08min 27sec,25054 (0.1ms),431871 (36%),423663 (17%),98 (2%),1588 (23%),0 (~0%),10,1,1,16,1,79,1,79,off,off,off,off,1,1,1,1
08min 52sec,12873 (0.051ms),424667 (35%),449387 (19%),120 (2%),1596 (23%),0 (~0%),4,8,1,1,1,79,1,79,off,flatten,off,off,1,1,1,1
08min 52sec,12603 (0.05ms),424432 (35%),449449 (19%),120 (2%),1596 (23%),0 (~0%),8,16,1,1,1,79,1,79,off,flatten,off,off,1,1,1,1
80min 00sec,,,,,,,8,8,59,1,1,79,1,79,off,flatten,off,off,1,1,1,1
08min 55sec,12803 (0.051ms),424435 (35%),449450 (19%),120 (2%),1596 (23%),0 (~0%),8,8,1,8,1,79,1,79,off,flatten,off,off,1,1,1,1
80min 00sec,,,,,,,8,8,1,1,6,79,1,79,off,flatten,off,off,1,1,1,1
80min 00sec,,,,,,,8,8,1,1,1,79,8,79,off,flatten,off,off,1,1,1,1
08min 55sec,12803 (0.051ms),424435 (35%),449450 (19%),120 (2%),1596 (23%),0 (~0%),8,8,1,1,1,79,1,79,off,flatten,flatten,off,1,1,1,1
08min 52sec,12803 (0.051ms),424435 (35%),449450 (19%),120 (2%),1596 (23%),0 (~0%),8,8,1,1,1,79,1,79,off,flatten,off,flatten,1,1,1,1
08min 35sec,25054 (0.1ms),432467 (36%),425181 (17%),120 (2%),1588 (23%),0 (~0%),5,1,1,16,1,79,1,79,off,off,off,off,1,1,1,1
08min 55sec,22654 (0.091ms),431868 (36%),423661 (17%),98 (2%),1588 (23%),0 (~0%),10,4,1,16,1,79,1,79,off,off,off,off,1,1,1,1
07min 59sec,98123 (0.392ms),391519 (33%),400064 (16%),130 (3%),1588 (23%),0 (~0%),10,1,59,16,1,79,1,79,off,off,off,off,1,1,1,1
08min 55sec,22694 (0.091ms),432397 (36%),426640 (18%),98 (2%),1588 (23%),0 (~0%),10,1,1,20,1,79,1,79,off,off,off,off,1,1,1,1
80min 00sec,,,,,,,10,1,1,16,10,79,1,79,off,off,off,off,1,1,1,1
80min 00sec,,,,,,,10,1,1,16,1,79,59,79,off,off,off,off,1,1,1,1
08min 33sec,2834083 (12.43ms),299959 (25%),311960 (13%),98 (2%),1114 (16%),0 (~0%),10,1,1,16,1,79,1,40,off,off,off,off,1,1,1,1
80min 00sec,,,,,,,10,1,1,16,1,79,1,79,flatten,off,off,off,1,1,1,1
04min 54sec,     ?,34709 (2%),30131 (1%),248 (5%),36 (~0%),0 (~0%),1,1,1,1,3,1,1,1,off,off,off,off,1,1,1,1
04min 53sec,592982 (2.372ms),26904 (2%),24196 (1%),216 (5%),28 (~0%),0 (~0%),1,1,1,1,1,1,1,1,off,off,off,off,4,1,1,1
14min 52sec,571115 (2.284ms),26923 (2%),23738 (1%),216 (5%),28 (~0%),0 (~0%),4,4,1,1,1,1,1,1,off,off,off,off,1,1,1,1
14min 50sec,571045 (2.284ms),26138 (2%),23814 (1%),216 (5%),28 (~0%),0 (~0%),5,4,1,1,1,1,1,1,off,off,off,off,1,1,1,1
14min 50sec,571045 (2.284ms),26691 (2%),23801 (1%),216 (5%),28 (~0%),0 (~0%),8,4,1,1,1,1,1,1,off,off,off,off,1,1,1,1
14min 57sec,623205 (2.493ms),29828 (2%),26288 (1%),280 (6%),28 (~0%),0 (~0%),1,4,59,1,1,1,1,1,off,off,off,off,1,1,1,1
14min 49sec,429456 (1.718ms),34014 (2%),28716 (1%),216 (5%),64 (~0%),0 (~0%),1,4,1,4,1,1,1,1,off,off,off,off,1,1,1,1
14min 52sec,405856 (1.623ms),39408 (3%),35333 (1%),216 (5%),120 (1%),0 (~0%),1,4,1,8,1,1,1,1,off,off,off,off,1,1,1,1
15min 18sec,     ?,34706 (2%),30129 (1%),248 (5%),36 (~0%),0 (~0%),1,4,1,1,3,1,1,1,off,off,off,off,1,1,1,1
15min 52sec,1549720 (6.199ms),66204 (5%),60772 (2%),440 (10%),54 (~0%),0 (~0%),1,4,1,1,1,1,1,1,off,off,off,off,1,1,1,2
14min 52sec,573515 (2.294ms),26926 (2%),23740 (1%),216 (5%),28 (~0%),0 (~0%),4,1,1,1,1,1,1,1,off,off,off,off,1,1,1,1
15min 18sec,639725 (2.559ms),37779 (3%),32711 (1%),248 (5%),43 (~0%),0 (~0%),5,1,5,1,1,1,1,1,off,off,off,off,1,1,1,1
14min 52sec,431856 (1.727ms),33520 (2%),28738 (1%),216 (5%),64 (~0%),0 (~0%),5,1,1,4,1,1,1,1,off,off,off,off,1,1,1,1
15min 18sec,     ?,34316 (2%),30207 (1%),248 (5%),36 (~0%),0 (~0%),5,1,1,1,5,1,1,1,off,off,off,off,1,1,1,1
15min 54sec,386323 (1.545ms),215680 (18%),259978 (10%),152 (3%),1114 (16%),0 (~0%),5,1,1,1,1,79,1,1,off,off,off,off,1,1,1,1
14min 50sec,575729 (2.303ms),26312 (2%),23796 (1%),216 (5%),28 (~0%),0 (~0%),5,1,1,1,1,1,1,1,off,off,off,off,4,1,1,1
05min 36sec,571045 (2.284ms),25542 (2%),22296 (~0%),194 (4%),28 (~0%),0 (~0%),10,4,1,1,1,1,1,1,off,off,off,off,1,1,1,1
05min 30sec,571845 (2.287ms),26140 (2%),23815 (1%),216 (5%),28 (~0%),0 (~0%),5,2,1,1,1,1,1,1,off,off,off,off,1,1,1,1
05min 31sec,623205 (2.493ms),29331 (2%),26308 (1%),280 (6%),28 (~0%),0 (~0%),5,4,59,1,1,1,1,1,off,off,off,off,1,1,1,1
05min 28sec,405856 (1.623ms),38911 (3%),35353 (1%),216 (5%),120 (1%),0 (~0%),5,4,1,8,1,1,1,1,off,off,off,off,1,1,1,1
05min 43sec,     ?,32674 (2%),28681 (1%),296 (6%),36 (~0%),0 (~0%),5,4,1,1,10,1,1,1,off,off,off,off,1,1,1,1
05min 41sec,3836584 (15.346ms),34393 (2%),33725 (1%),344 (7%),30 (~0%),0 (~0%),5,4,1,1,1,1,59,1,off,off,off,off,1,1,1,1
07min 07sec,384525 (1.538ms),219103 (18%),185552 (7%),152 (3%),1128 (16%),0 (~0%),5,4,1,1,1,1,1,1,off,flatten,off,off,1,1,1,1
05min 29sec,571045 (2.284ms),26138 (2%),23814 (1%),216 (5%),28 (~0%),0 (~0%),5,4,1,1,1,1,1,1,off,off,off,off,8,1,1,1
05min 32sec,429526 (1.718ms),34240 (2%),28660 (1%),216 (5%),64 (~0%),0 (~0%),2,4,1,4,1,1,1,1,off,off,off,off,1,1,1,1
05min 32sec,429526 (1.718ms),34302 (2%),28660 (1%),216 (5%),64 (~0%),0 (~0%),4,4,1,4,1,1,1,1,off,off,off,off,1,1,1,1
05min 54sec,492205 (1.969ms),52179 (4%),42311 (1%),248 (5%),120 (1%),0 (~0%),1,4,4,4,1,1,1,1,off,off,off,off,1,1,1,1
05min 28sec,476656 (1.907ms),31364 (2%),26469 (1%),216 (5%),36 (~0%),0 (~0%),1,4,1,2,1,1,1,1,off,off,off,off,1,1,1,1
05min 51sec,     ?,42020 (3%),35056 (1%),248 (5%),72 (1%),0 (~0%),1,4,1,4,4,1,1,1,off,off,off,off,1,1,1,1
05min 46sec,3694984 (14.78ms),38755 (3%),37731 (1%),344 (7%),66 (~0%),0 (~0%),1,4,1,4,1,1,59,1,off,off,off,off,1,1,1,1
05min 32sec,449092 (1.796ms),34280 (2%),29116 (1%),216 (5%),64 (~0%),0 (~0%),1,4,1,4,1,1,1,1,off,off,off,off,4,1,1,1
04min 45sec,571845 (2.287ms),26693 (2%),23802 (1%),216 (5%),28 (~0%),0 (~0%),8,2,1,1,1,1,1,1,off,off,off,off,1,1,1,1
04min 54sec,571845 (2.287ms),25544 (2%),22297 (~0%),194 (4%),28 (~0%),0 (~0%),10,2,1,1,1,1,1,1,off,off,off,off,1,1,1,1
04min 50sec,623205 (2.493ms),29333 (2%),26309 (1%),280 (6%),28 (~0%),0 (~0%),5,2,59,1,1,1,1,1,off,off,off,off,1,1,1,1
04min 42sec,430256 (1.721ms),33519 (2%),28737 (1%),216 (5%),64 (~0%),0 (~0%),5,2,1,4,1,1,1,1,off,off,off,off,1,1,1,1
05min 06sec,     ?,34182 (2%),30168 (1%),248 (5%),36 (~0%),0 (~0%),5,2,1,1,4,1,1,1,off,off,off,off,1,1,1,1
04min 56sec,3836584 (15.346ms),34395 (2%),33726 (1%),344 (7%),30 (~0%),0 (~0%),5,2,1,1,1,1,59,1,off,off,off,off,1,1,1,1
07min 11sec,387843 (1.551ms),368495 (31%),360545 (15%),120 (2%),1588 (23%),0 (~0%),5,2,1,1,1,1,1,79,off,off,off,off,1,1,1,1
60min 00sec,,,,,,,5,2,1,1,1,1,1,1,flatten,off,off,off,1,1,1,1
04min 55sec,623275 (2.493ms),30119 (2%),26234 (1%),280 (6%),28 (~0%),0 (~0%),4,1,59,1,1,1,1,1,off,off,off,off,1,1,1,1
04min 54sec,623205 (2.493ms),29830 (2%),26289 (1%),280 (6%),28 (~0%),0 (~0%),1,2,59,1,1,1,1,1,off,off,off,off,1,1,1,1
05min 12sec,792365 (3.169ms),36032 (3%),30930 (1%),296 (6%),42 (~0%),0 (~0%),1,1,29,1,1,1,1,1,off,off,off,off,1,1,1,1
05min 01sec,458005 (1.832ms),42487 (3%),37775 (1%),280 (6%),120 (1%),0 (~0%),1,1,59,8,1,1,1,1,off,off,off,off,1,1,1,1
05min 19sec,     ?,37875 (3%),32636 (1%),312 (7%),36 (~0%),0 (~0%),1,1,59,1,4,1,1,1,off,off,off,off,1,1,1,1
60min 00sec,,,,,,,1,1,59,1,1,1,59,1,off,off,off,off,1,1,1,1
04min 56sec,571045 (2.284ms),25542 (2%),22296 (~0%),194 (4%),28 (~0%),0 (~0%),10,4,1,1,1,1,1,1,off,off,off,off,1,1,1,1
05min 11sec,637325 (2.549ms),37776 (3%),32709 (1%),248 (5%),43 (~0%),0 (~0%),5,4,5,1,1,1,1,1,off,off,off,off,1,1,1,1
04min 42sec,429456 (1.718ms),33517 (2%),28736 (1%),216 (5%),64 (~0%),0 (~0%),5,4,1,4,1,1,1,1,off,off,off,off,1,1,1,1
05min 25sec,     ?,34313 (2%),30205 (1%),248 (5%),36 (~0%),0 (~0%),5,4,1,1,5,1,1,1,off,off,off,off,1,1,1,1
05min 44sec,383923 (1.536ms),215677 (18%),259976 (10%),152 (3%),1114 (16%),0 (~0%),5,4,1,1,1,79,1,1,off,off,off,off,1,1,1,1
05min 30sec,4092504 (16.37ms),46880 (3%),42034 (1%),312 (7%),50 (~0%),0 (~0%),5,4,1,1,1,1,5,1,off,off,off,off,1,1,1,1
07min 52sec,387043 (1.548ms),368493 (31%),360544 (15%),120 (2%),1588 (23%),0 (~0%),5,4,1,1,1,1,1,79,off,off,off,off,1,1,1,1
04min 38sec,573329 (2.293ms),26309 (2%),23794 (1%),216 (5%),28 (~0%),0 (~0%),5,4,1,1,1,1,1,1,off,off,off,off,4,1,1,1
04min 44sec,571115 (2.284ms),26861 (2%),23738 (1%),216 (5%),28 (~0%),0 (~0%),2,4,1,1,1,1,1,1,off,off,off,off,1,1,1,1
04min 44sec,623205 (2.493ms),29828 (2%),26288 (1%),280 (6%),28 (~0%),0 (~0%),1,4,59,1,1,1,1,1,off,off,off,off,1,1,1,1
05min 14sec,     ?,34662 (2%),30122 (1%),248 (5%),36 (~0%),0 (~0%),1,4,1,1,2,1,1,1,off,off,off,off,1,1,1,1
05min 52sec,383923 (1.536ms),216174 (18%),259956 (10%),152 (3%),1114 (16%),0 (~0%),1,4,1,1,1,79,1,1,off,off,off,off,1,1,1,1
04min 48sec,3836584 (15.346ms),34890 (2%),33705 (1%),344 (7%),30 (~0%),0 (~0%),1,4,1,1,1,1,59,1,off,off,off,off,1,1,1,1
04min 44sec,612242 (2.449ms),26839 (2%),24195 (1%),216 (5%),28 (~0%),0 (~0%),1,4,1,1,1,1,1,1,off,off,off,off,2,1,1,1
05min 40sec,570885 (2.284ms),26487 (2%),23814 (1%),216 (5%),28 (~0%),0 (~0%),5,5,1,1,1,1,1,1,off,off,off,off,1,1,1,1
05min 54sec,647645 (2.591ms),37014 (3%),32364 (1%),248 (5%),42 (~0%),0 (~0%),5,1,2,1,1,1,1,1,off,off,off,off,1,1,1,1
05min 51sec,574616 (2.456ms),31782 (2%),26850 (1%),216 (5%),28 (~0%),0 (~0%),5,1,1,5,1,1,1,1,off,off,off,off,1,1,1,1
05min 49sec,     ?,34212 (2%),30158 (1%),248 (5%),36 (~0%),0 (~0%),5,1,1,1,3,1,1,1,off,off,off,off,1,1,1,1
60min 00sec,,,,,,,5,1,1,1,1,39,1,1,off,off,off,off,1,1,1,1
06min 11sec,4092504 (16.37ms),46883 (3%),42036 (1%),312 (7%),50 (~0%),0 (~0%),5,1,1,1,1,1,5,1,off,off,off,off,1,1,1,1
08min 03sec,389443 (1.558ms),368496 (31%),360546 (15%),120 (2%),1588 (23%),0 (~0%),5,1,1,1,1,1,1,79,off,off,off,off,1,1,1,1
06min 06sec,480968 (2.055ms),56657 (4%),53191 (2%),224 (5%),156 (2%),0 (~0%),4,1,1,10,1,1,1,1,off,off,off,off,1,1,1,1
05min 59sec,478498 (2.045ms),56366 (4%),53245 (2%),224 (5%),156 (2%),0 (~0%),1,4,1,10,1,1,1,1,off,off,off,off,1,1,1,1
06min 23sec,641058 (2.564ms),91365 (7%),84264 (3%),170 (3%),409 (5%),4 (~0%),1,1,5,10,1,1,1,1,off,off,off,off,1,1,1,1
06min 52sec,     ?,77888 (6%),78803 (3%),256 (5%),170 (2%),0 (~0%),1,1,1,10,5,1,1,1,off,off,off,off,1,1,1,1
08min 00sec,235574 (0.942ms),241788 (20%),275128 (11%),152 (3%),1114 (16%),0 (~0%),1,1,1,10,1,79,1,1,off,off,off,off,1,1,1,1
05min 52sec,1880344 (8.175ms),44052 (3%),42795 (1%),320 (7%),103 (1%),0 (~0%),1,1,1,10,1,1,59,1,off,off,off,off,1,1,1,1
10min 42sec,235854 (1.017ms),210656 (17%),225421 (9%),120 (2%),355 (5%),0 (~0%),1,1,1,10,1,1,1,79,off,off,off,off,1,1,1,1
05min 49sec,480968 (2.055ms),56595 (4%),53191 (2%),224 (5%),156 (2%),0 (~0%),2,1,1,10,1,1,1,1,off,off,off,off,1,1,1,1
05min 44sec,478098 (2.043ms),56366 (4%),53244 (2%),224 (5%),156 (2%),0 (~0%),1,8,1,10,1,1,1,1,off,off,off,off,1,1,1,1
06min 01sec,637858 (2.551ms),89209 (7%),80737 (3%),250 (5%),408 (5%),4 (~0%),1,1,10,10,1,1,1,1,off,off,off,off,1,1,1,1
06min 03sec,     ?,64319 (5%),60011 (2%),256 (5%),164 (2%),0 (~0%),1,1,1,10,2,1,1,1,off,off,off,off,1,1,1,1
05min 36sec,1880344 (8.175ms),44052 (3%),42795 (1%),320 (7%),103 (1%),0 (~0%),1,1,1,10,1,1,59,1,off,off,off,off,1,1,1,1
05min 53sec,501632 (2.144ms),56635 (4%),53647 (2%),224 (5%),156 (2%),0 (~0%),1,1,1,10,1,1,1,1,off,off,off,off,4,1,1,1
60min 00sec,,,,,,,1,1,1,10,1,1,1,1,flatten,off,off,off,1,1,1,1
05min 00sec,429456 (1.718ms),34070 (2%),28723 (1%),216 (5%),64 (~0%),0 (~0%),8,4,1,4,1,1,1,1,off,off,off,off,1,1,1,1
05min 07sec,429056 (1.716ms),34070 (2%),28722 (1%),216 (5%),64 (~0%),0 (~0%),8,8,1,4,1,1,1,1,off,off,off,off,1,1,1,1
05min 50sec,491805 (1.967ms),52235 (4%),42322 (1%),248 (5%),120 (1%),0 (~0%),8,8,4,4,1,1,1,1,off,off,off,off,1,1,1,1
05min 50sec,491805 (1.967ms),62330 (5%),55508 (2%),248 (5%),232 (3%),0 (~0%),8,8,4,8,1,1,1,1,off,off,off,off,1,1,1,1
06min 05sec,     ?,70347 (5%),61844 (2%),280 (6%),240 (3%),0 (~0%),8,8,4,8,4,1,1,1,off,off,off,off,1,1,1,1
06min 11sec,     ?,73025 (6%),63715 (2%),280 (6%),251 (3%),0 (~0%),8,8,4,8,4,2,1,1,off,off,off,off,1,1,1,1
07min 29sec,     ?,113259 (9%),113507 (4%),384 (8%),320 (4%),0 (~0%),8,8,4,8,4,2,4,1,off,off,off,off,1,1,1,1
08min 22sec,     ?,152906 (12%),169157 (7%),400 (9%),395 (5%),0 (~0%),8,8,4,8,4,2,4,2,off,off,off,off,1,1,1,1
04min 00sec,571845 (2.287ms),26140 (2%),23815 (1%),216 (5%),28 (~0%),0 (~0%),5,2,1,1,1,1,1,1,off,off,off,off,1,1,1,1
04min 38sec,639725 (2.559ms),37779 (3%),32711 (1%),248 (5%),43 (~0%),0 (~0%),5,1,5,1,1,1,1,1,off,off,off,off,1,1,1,1
04min 06sec,431856 (1.727ms),33520 (2%),28738 (1%),216 (5%),64 (~0%),0 (~0%),5,1,1,4,1,1,1,1,off,off,off,off,1,1,1,1
04min 26sec,     ?,34168 (2%),30151 (1%),248 (5%),36 (~0%),0 (~0%),5,1,1,1,2,1,1,1,off,off,off,off,1,1,1,1
04min 08sec,573162 (2.293ms),26790 (2%),25790 (1%),216 (5%),36 (~0%),0 (~0%),5,1,1,1,1,2,1,1,off,off,off,off,1,1,1,1
04min 22sec,3836584 (15.346ms),34396 (2%),33727 (1%),344 (7%),30 (~0%),0 (~0%),5,1,1,1,1,1,59,1,off,off,off,off,1,1,1,1
60min 00sec,,,,,,,5,1,1,1,1,1,1,39,off,off,off,off,1,1,1,1
04min 09sec,571045 (2.284ms),25542 (2%),22296 (~0%),194 (4%),28 (~0%),0 (~0%),10,4,1,1,1,1,1,1,off,off,off,off,1,1,1,1
04min 39sec,784045 (3.136ms),36299 (3%),30747 (1%),312 (7%),42 (~0%),0 (~0%),1,4,30,1,1,1,1,1,off,off,off,off,1,1,1,1
04min 10sec,429456 (1.718ms),34014 (2%),28716 (1%),216 (5%),64 (~0%),0 (~0%),1,4,1,4,1,1,1,1,off,off,off,off,1,1,1,1
04min 38sec,     ?,34677 (2%),30140 (1%),248 (5%),36 (~0%),0 (~0%),1,4,1,1,4,1,1,1,off,off,off,off,1,1,1,1
04min 48sec,6649544 (26.598ms),45118 (3%),40306 (1%),360 (8%),50 (~0%),0 (~0%),1,4,1,1,1,1,29,1,off,off,off,off,1,1,1,1
60min 00sec,,,,,,,1,4,1,1,1,1,1,1,flatten,off,off,off,1,1,1,1
05min 21sec,383923 (1.536ms),216174 (18%),259956 (10%),152 (3%),1114 (16%),0 (~0%),1,4,1,1,1,1,1,1,off,off,flatten,off,1,1,1,1
04min 10sec,590582 (2.362ms),26901 (2%),24194 (1%),216 (5%),28 (~0%),0 (~0%),1,4,1,1,1,1,1,1,off,off,off,off,4,1,1,1
04min 32sec,573445 (2.294ms),25545 (2%),22298 (~0%),194 (4%),28 (~0%),0 (~0%),10,1,1,1,1,1,1,1,off,off,off,off,1,1,1,1
04min 28sec,573445 (2.294ms),25957 (2%),22820 (~0%),202 (4%),28 (~0%),0 (~0%),20,1,1,1,1,1,1,1,off,off,off,off,1,1,1,1
04min 16sec,570645 (2.283ms),26691 (2%),23800 (1%),216 (5%),28 (~0%),0 (~0%),8,8,1,1,1,1,1,1,off,off,off,off,1,1,1,1
04min 36sec,657565 (2.63ms),37293 (3%),30918 (1%),296 (6%),42 (~0%),0 (~0%),8,1,8,1,1,1,1,1,off,off,off,off,1,1,1,1
04min 29sec,431856 (1.727ms),34073 (2%),28725 (1%),216 (5%),64 (~0%),0 (~0%),8,1,1,4,1,1,1,1,off,off,off,off,1,1,1,1
04min 35sec,     ?,34736 (2%),30154 (1%),248 (5%),36 (~0%),0 (~0%),8,1,1,1,4,1,1,1,off,off,off,off,1,1,1,1
05min 13sec,1385680 (5.543ms),69989 (5%),64250 (2%),440 (10%),62 (~0%),0 (~0%),8,1,1,1,1,1,1,1,off,off,off,off,1,1,1,4
04min 33sec,623275 (2.493ms),30057 (2%),26234 (1%),280 (6%),28 (~0%),0 (~0%),2,1,59,1,1,1,1,1,off,off,off,off,1,1,1,1
04min 30sec,623205 (2.493ms),29334 (2%),26310 (1%),280 (6%),28 (~0%),0 (~0%),5,1,59,1,1,1,1,1,off,off,off,off,1,1,1,1
04min 08sec,1153885 (4.616ms),32662 (2%),26406 (1%),280 (6%),28 (~0%),0 (~0%),1,5,59,1,1,1,1,1,off,off,off,off,1,1,1,1
04min 36sec,792365 (3.169ms),36032 (3%),30930 (1%),296 (6%),42 (~0%),0 (~0%),1,1,29,1,1,1,1,1,off,off,off,off,1,1,1,1
04min 32sec,528805 (2.115ms),34235 (2%),27873 (1%),280 (6%),36 (~0%),0 (~0%),1,1,59,2,1,1,1,1,off,off,off,off,1,1,1,1
04min 40sec,     ?,37860 (3%),32618 (1%),312 (7%),36 (~0%),0 (~0%),1,1,59,1,2,1,1,1,off,off,off,off,1,1,1,1
11min 08sec,3872344 (15.489ms),353636 (29%),277091 (11%),280 (6%),876 (12%),0 (~0%),1,1,59,1,1,1,2,1,off,off,off,off,1,1,1,1
04min 34sec,999005 (3.996ms),40940 (3%),43046 (1%),288 (6%),56 (~0%),0 (~0%),1,1,59,1,1,1,1,2,off,off,off,off,1,1,1,1
06min 14sec,     ?,71876 (6%),62212 (2%),258 (5%),251 (3%),0 (~0%),10,8,4,8,4,2,1,1,off,off,off,off,1,1,1,1
06min 06sec,     ?,73025 (6%),63716 (2%),280 (6%),251 (3%),0 (~0%),8,4,4,8,4,2,1,1,off,off,off,off,1,1,1,1
06min 00sec,     ?,53226 (4%),45995 (1%),312 (7%),139 (2%),0 (~0%),8,8,59,8,4,2,1,1,off,off,off,off,1,1,1,1
06min 43sec,     ?,103916 (8%),92962 (3%),202 (4%),427 (6%),4 (~0%),8,8,4,10,4,2,1,1,off,off,off,off,1,1,1,1
06min 07sec,     ?,73076 (6%),63726 (2%),280 (6%),251 (3%),0 (~0%),8,8,4,8,6,2,1,1,off,off,off,off,1,1,1,1
15min 28sec,327831 (1.311ms),794605 (67%),651080 (27%),184 (4%),4544 (66%),0 (~0%),8,8,4,8,4,79,1,1,off,off,off,off,1,1,1,1
07min 34sec,     ?,113259 (9%),113507 (4%),384 (8%),320 (4%),0 (~0%),8,8,4,8,4,2,4,1,off,off,off,off,1,1,1,1
06min 39sec,     ?,92289 (7%),90271 (3%),296 (6%),280 (4%),0 (~0%),8,8,4,8,4,2,1,2,off,off,off,off,1,1,1,1
05min 22sec,571915 (2.288ms),26925 (2%),23739 (1%),216 (5%),28 (~0%),0 (~0%),4,2,1,1,1,1,1,1,off,off,off,off,1,1,1,1
05min 32sec,571045 (2.284ms),26691 (2%),23801 (1%),216 (5%),28 (~0%),0 (~0%),8,4,1,1,1,1,1,1,off,off,off,off,1,1,1,1
05min 53sec,637645 (2.551ms),38277 (3%),32589 (1%),248 (5%),42 (~0%),0 (~0%),8,2,4,1,1,1,1,1,off,off,off,off,1,1,1,1
05min 29sec,430256 (1.721ms),34072 (2%),28724 (1%),216 (5%),64 (~0%),0 (~0%),8,2,1,4,1,1,1,1,off,off,off,off,1,1,1,1
05min 52sec,     ?,34764 (2%),30142 (1%),248 (5%),36 (~0%),0 (~0%),8,2,1,1,3,1,1,1,off,off,off,off,1,1,1,1
05min 29sec,534965 (2.14ms),34296 (2%),31249 (1%),216 (5%),84 (1%),0 (~0%),8,2,1,1,1,4,1,1,off,off,off,off,1,1,1,1
06min 01sec,4055424 (16.222ms),47155 (3%),41929 (1%),312 (7%),50 (~0%),0 (~0%),8,2,1,1,1,1,4,1,off,off,off,off,1,1,1,1
05min 39sec,584765 (2.339ms),41363 (3%),34743 (1%),216 (5%),88 (1%),0 (~0%),8,2,1,1,1,1,1,4,off,off,off,off,1,1,1,1
04min 56sec,     ?,34935 (2%),30082 (1%),248 (5%),36 (~0%),0 (~0%),2,1,1,1,3,1,1,1,off,off,off,off,1,1,1,1
04min 56sec,     ?,34997 (2%),30081 (1%),248 (5%),36 (~0%),0 (~0%),4,1,1,1,3,1,1,1,off,off,off,off,1,1,1,1
04min 56sec,     ?,34765 (2%),30143 (1%),248 (5%),36 (~0%),0 (~0%),8,1,1,1,3,1,1,1,off,off,off,off,1,1,1,1
04min 53sec,     ?,35055 (2%),30129 (1%),248 (5%),36 (~0%),0 (~0%),1,5,1,1,3,1,1,1,off,off,off,off,1,1,1,1
04min 45sec,     ?,34706 (2%),30128 (1%),248 (5%),36 (~0%),0 (~0%),1,8,1,1,3,1,1,1,off,off,off,off,1,1,1,1
05min 15sec,     ?,46304 (3%),38909 (1%),280 (6%),50 (~0%),0 (~0%),1,1,4,1,3,1,1,1,off,off,off,off,1,1,1,1
05min 16sec,     ?,45319 (3%),37237 (1%),328 (7%),50 (~0%),0 (~0%),1,1,8,1,3,1,1,1,off,off,off,off,1,1,1,1
60min 00sec,,,,,,,1,1,1,1,3,1,1,1,flatten,off,off,off,1,1,1,1
04min 42sec,573445 (2.294ms),25545 (2%),22298 (~0%),194 (4%),28 (~0%),0 (~0%),10,1,1,1,1,1,1,1,off,off,off,off,1,1,1,1
04min 29sec,571045 (2.284ms),26138 (2%),23814 (1%),216 (5%),28 (~0%),0 (~0%),5,4,1,1,1,1,1,1,off,off,off,off,1,1,1,1
04min 37sec,623205 (2.493ms),29334 (2%),26310 (1%),280 (6%),28 (~0%),0 (~0%),5,1,59,1,1,1,1,1,off,off,off,off,1,1,1,1
04min 49sec,     ?,34316 (2%),30207 (1%),248 (5%),36 (~0%),0 (~0%),5,1,1,1,5,1,1,1,off,off,off,off,1,1,1,1
04min 47sec,     ?,34168 (2%),30151 (1%),248 (5%),36 (~0%),0 (~0%),5,1,1,1,2,1,1,1,off,off,off,off,1,1,1,1
05min 02sec,4092504 (16.37ms),46883 (3%),42036 (1%),312 (7%),50 (~0%),0 (~0%),5,1,1,1,1,1,5,1,off,off,off,off,1,1,1,1
05min 28sec,1385717 (5.543ms),69436 (5%),64265 (2%),440 (10%),62 (~0%),0 (~0%),5,1,1,1,1,1,1,1,off,off,off,off,1,1,1,4
04min 13sec,480898 (2.055ms),55872 (4%),53267 (2%),224 (5%),156 (2%),0 (~0%),5,1,1,10,1,1,1,1,off,off,off,off,1,1,1,1
04min 15sec,480898 (2.055ms),56425 (4%),53254 (2%),224 (5%),156 (2%),0 (~0%),8,1,1,10,1,1,1,1,off,off,off,off,1,1,1,1
04min 21sec,478338 (2.044ms),56715 (4%),53245 (2%),224 (5%),156 (2%),0 (~0%),1,5,1,10,1,1,1,1,off,off,off,off,1,1,1,1
04min 32sec,641058 (2.564ms),91365 (7%),84264 (3%),170 (3%),409 (5%),4 (~0%),1,1,5,10,1,1,1,1,off,off,off,off,1,1,1,1
05min 07sec,     ?,77781 (6%),78741 (3%),256 (5%),170 (2%),0 (~0%),1,1,1,10,3,1,1,1,off,off,off,off,1,1,1,1
04min 09sec,524622 (2.242ms),56573 (4%),53648 (2%),224 (5%),156 (2%),0 (~0%),1,1,1,10,1,1,1,1,off,off,off,off,2,1,1,1
03min 47sec,623205 (2.493ms),29831 (2%),26290 (1%),280 (6%),28 (~0%),0 (~0%),40,1,59,1,1,1,1,1,off,off,off,off,1,1,1,1
03min 52sec,623205 (2.493ms),29150 (2%),25314 (1%),266 (6%),28 (~0%),0 (~0%),20,1,59,1,1,1,1,1,off,off,off,off,1,1,1,1
03min 56sec,481605 (1.926ms),37216 (3%),31212 (1%),280 (6%),64 (~0%),0 (~0%),1,1,59,4,1,1,1,1,off,off,off,off,1,1,1,1
04min 05sec,     ?,37904 (3%),32625 (1%),312 (7%),36 (~0%),0 (~0%),1,1,59,1,3,1,1,1,off,off,off,off,1,1,1,1
04min 05sec,     ?,37926 (3%),32647 (1%),312 (7%),36 (~0%),0 (~0%),1,1,59,1,6,1,1,1,off,off,off,off,1,1,1,1
03min 55sec,764805 (3.059ms),28737 (2%),23714 (1%),162 (3%),28 (~0%),6 (~0%),1,10,59,1,1,1,1,1,off,off,off,off,1,1,1,1
04min 18sec,     ?,33616 (2%),28640 (1%),226 (5%),36 (~0%),0 (~0%),10,1,1,1,3,1,1,1,off,off,off,off,1,1,1,1
04min 17sec,     ?,34028 (2%),29162 (1%),234 (5%),36 (~0%),0 (~0%),20,1,1,1,3,1,1,1,off,off,off,off,1,1,1,1
04min 08sec,     ?,35239 (2%),30137 (1%),248 (5%),36 (~0%),0 (~0%),1,10,1,1,3,1,1,1,off,off,off,off,1,1,1,1
04min 32sec,     ?,46304 (3%),38909 (1%),280 (6%),50 (~0%),0 (~0%),1,1,4,1,3,1,1,1,off,off,off,off,1,1,1,1
04min 10sec,     ?,43052 (3%),36352 (1%),248 (5%),72 (1%),0 (~0%),1,1,1,4,3,1,1,1,off,off,off,off,1,1,1,1
04min 09sec,     ?,34912 (2%),30526 (1%),248 (5%),36 (~0%),0 (~0%),1,1,1,1,3,1,1,1,off,off,off,off,2,1,1,1
03min 45sec,571045 (2.284ms),26138 (2%),23814 (1%),216 (5%),28 (~0%),0 (~0%),5,4,1,1,1,1,1,1,off,off,off,off,1,1,1,1
04min 06sec,639725 (2.559ms),37779 (3%),32711 (1%),248 (5%),43 (~0%),0 (~0%),5,1,5,1,1,1,1,1,off,off,off,off,1,1,1,1
03min 47sec,431856 (1.727ms),33520 (2%),28738 (1%),216 (5%),64 (~0%),0 (~0%),5,1,1,4,1,1,1,1,off,off,off,off,1,1,1,1
04min 06sec,     ?,34234 (2%),30180 (1%),248 (5%),36 (~0%),0 (~0%),5,1,1,1,6,1,1,1,off,off,off,off,1,1,1,1
04min 27sec,4092504 (16.37ms),46883 (3%),42036 (1%),312 (7%),50 (~0%),0 (~0%),5,1,1,1,1,1,5,1,off,off,off,off,1,1,1,1
03min 45sec,580062 (2.32ms),26312 (2%),23796 (1%),216 (5%),28 (~0%),0 (~0%),5,1,1,1,1,1,1,1,off,off,off,off,2,1,1,1
04min 36sec,408406 (1.634ms),45758 (3%),40140 (1%),248 (5%),120 (1%),0 (~0%),2,1,1,16,1,1,1,1,off,off,off,off,1,1,1,1
04min 33sec,405936 (1.624ms),45529 (3%),40194 (1%),248 (5%),120 (1%),0 (~0%),1,4,1,16,1,1,1,1,off,off,off,off,1,1,1,1
04min 58sec,446205 (1.785ms),61699 (5%),53000 (2%),312 (7%),232 (3%),0 (~0%),1,1,59,16,1,1,1,1,off,off,off,off,1,1,1,1
05min 01sec,     ?,53589 (4%),46541 (1%),280 (6%),128 (1%),0 (~0%),1,1,1,16,6,1,1,1,off,off,off,off,1,1,1,1
06min 18sec,221174 (0.885ms),256787 (21%),271585 (11%),152 (3%),1114 (16%),0 (~0%),1,1,1,16,1,79,1,1,off,off,off,off,1,1,1,1
04min 58sec,3673864 (14.695ms),46327 (3%),48131 (2%),344 (7%),122 (1%),0 (~0%),1,1,1,16,1,1,59,1,off,off,off,off,1,1,1,1
60min 00sec,,,,,,,1,1,1,1,30,79,1,1,off,off,off,off,1,1,1,1
09min 44sec,221204 (0.885ms),239276 (20%),268913 (11%),152 (3%),1114 (16%),0 (~0%),4,1,1,8,1,79,1,1,off,off,off,off,1,1,1,1
09min 54sec,218134 (0.873ms),239154 (20%),268965 (11%),152 (3%),1114 (16%),0 (~0%),1,16,1,8,1,79,1,1,off,off,off,off,1,1,1,1
10min 16sec,294203 (1.177ms),242066 (20%),271419 (11%),216 (5%),1114 (16%),0 (~0%),1,1,59,8,1,79,1,1,off,off,off,off,1,1,1,1
60min 00sec,,,,,,,1,1,1,8,15,79,1,1,off,off,off,off,1,1,1,1
10min 38sec,3510662 (14.043ms),229443 (19%),280989 (11%),248 (5%),1116 (16%),0 (~0%),1,1,1,8,1,79,59,1,off,off,off,off,1,1,1,1
60min 00sec,,,,,,,1,1,1,8,1,79,1,1,flatten,off,off,off,1,1,1,1
11min 05sec,199953 (0.8ms),285429 (24%),315249 (13%),120 (2%),1128 (16%),0 (~0%),4,1,1,1,1,79,1,1,off,flatten,off,off,1,1,1,1
10min 37sec,197003 (0.788ms),285159 (24%),315302 (13%),120 (2%),1128 (16%),0 (~0%),1,10,1,1,1,79,1,1,off,flatten,off,off,1,1,1,1
60min 00sec,,,,,,,1,1,59,1,1,79,1,1,off,flatten,off,off,1,1,1,1
60min 00sec,,,,,,,1,1,1,1,12,79,1,1,off,flatten,off,off,1,1,1,1
10min 02sec,36924 (0.148ms),402819 (34%),412972 (17%),120 (2%),1588 (23%),0 (~0%),2,1,1,8,1,79,1,79,off,off,off,off,1,1,1,1
10min 54sec,51774 (0.223ms),278866 (23%),316275 (13%),120 (2%),1114 (16%),0 (~0%),1,2,1,8,1,79,1,79,off,off,off,off,1,1,1,1
60min 00sec,,,,,,,1,1,1,8,12,79,1,79,off,off,off,off,1,1,1,1
60min 00sec,,,,,,,2,1,1,1,1,79,1,1,flatten,flatten,off,off,1,1,1,1
60min 00sec,,,,,,,1,4,1,1,1,79,1,1,flatten,flatten,off,off,1,1,1,1
60min 00sec,,,,,,,1,1,59,1,1,79,1,1,flatten,flatten,off,off,1,1,1,1
60min 00sec,,,,,,,1,1,1,8,1,79,1,1,flatten,flatten,off,off,1,1,1,1
60min 00sec,,,,,,,1,1,1,1,2,79,1,1,flatten,flatten,off,off,1,1,1,1
60min 00sec,,,,,,,1,1,1,1,1,79,59,1,flatten,flatten,off,off,1,1,1,1
10min 40sec,197073 (0.788ms),285447 (24%),315246 (13%),120 (2%),1128 (16%),0 (~0%),4,10,1,1,1,79,1,1,off,flatten,off,off,1,1,1,1
10min 38sec,197483 (0.79ms),285138 (24%),315303 (13%),120 (2%),1128 (16%),0 (~0%),1,4,1,1,1,79,1,1,off,flatten,off,off,1,1,1,1
60min 00sec,,,,,,,1,10,59,1,1,79,1,1,off,flatten,off,off,1,1,1,1
10min 50sec,197003 (0.788ms),285159 (24%),315302 (13%),120 (2%),1128 (16%),0 (~0%),1,10,1,10,1,79,1,1,off,flatten,off,off,1,1,1,1
16min 45sec,194991 (0.78ms),739539 (62%),685220 (28%),120 (2%),4432 (64%),0 (~0%),1,10,1,1,4,79,1,1,off,flatten,off,off,1,1,1,1
11min 14sec,3510662 (14.043ms),283130 (23%),338749 (14%),152 (3%),1130 (16%),0 (~0%),1,10,1,1,1,79,59,1,off,flatten,off,off,1,1,1,1
12min 18sec,29243 (0.126ms),303996 (25%),353605 (14%),120 (2%),1128 (16%),0 (~0%),1,10,1,1,1,79,1,79,off,flatten,off,off,1,1,1,1
10min 44sec,197003 (0.788ms),285159 (24%),315302 (13%),120 (2%),1128 (16%),0 (~0%),1,10,1,1,1,79,1,1,off,flatten,flatten,off,1,1,1,1
10min 51sec,109993 (0.44ms),373841 (31%),398823 (16%),152 (3%),1588 (23%),0 (~0%),2,1,59,8,1,79,1,79,off,off,off,off,1,1,1,1
11min 36sec,126443 (0.545ms),257376 (21%),312047 (13%),152 (3%),1114 (16%),0 (~0%),1,2,59,8,1,79,1,79,off,off,off,off,1,1,1,1
11min 49sec,334123 (1.44ms),256823 (21%),310310 (13%),118 (2%),1114 (16%),0 (~0%),1,1,59,10,1,79,1,79,off,off,off,off,1,1,1,1
60min 00sec,,,,,,,1,1,59,8,20,79,1,79,off,off,off,off,1,1,1,1
60min 00sec,,,,,,,1,1,59,8,1,79,59,79,off,off,off,off,1,1,1,1
60min 00sec,,,,,,,1,1,59,8,1,79,1,79,flatten,off,off,off,1,1,1,1
60min 00sec,,,,,,,1,1,59,8,1,79,1,79,off,flatten,off,off,1,1,1,1
12min 05sec,126443 (0.545ms),257377 (21%),312048 (13%),152 (3%),1114 (16%),0 (~0%),1,1,59,8,1,79,1,79,off,off,flatten,off,1,1,1,1
09min 12sec,32204 (0.129ms),403159 (34%),414451 (17%),120 (2%),1588 (23%),0 (~0%),4,1,1,10,1,79,1,79,off,off,off,off,1,1,1,1
09min 46sec,45854 (0.198ms),279166 (23%),317752 (13%),120 (2%),1114 (16%),0 (~0%),1,8,1,10,1,79,1,79,off,off,off,off,1,1,1,1
09min 47sec,379883 (1.637ms),289265 (24%),336468 (14%),98 (2%),1255 (18%),0 (~0%),1,1,5,10,1,79,1,79,off,off,off,off,1,1,1,1
19min 17sec,46831 (0.202ms),782798 (66%),669063 (28%),120 (2%),4432 (64%),0 (~0%),1,1,1,10,4,79,1,79,off,off,off,off,1,1,1,1
60min 00sec,,,,,,,1,1,1,10,1,79,59,79,off,off,off,off,1,1,1,1
08min 56sec,32134 (0.129ms),402871 (34%),414507 (17%),120 (2%),1588 (23%),0 (~0%),1,1,1,10,1,79,1,79,off,off,off,flatten,1,1,1,1
09min 26sec,12793 (0.051ms),424688 (35%),449387 (19%),120 (2%),1596 (23%),0 (~0%),4,10,1,1,1,79,1,79,off,flatten,off,off,1,1,1,1
60min 00sec,,,,,,,1,10,59,1,1,79,1,79,off,flatten,off,off,1,1,1,1
10min 09sec,29243 (0.126ms),303996 (25%),353605 (14%),120 (2%),1128 (16%),0 (~0%),1,10,1,8,1,79,1,79,off,flatten,off,off,1,1,1,1
24min 44sec,47543 (0.205ms),1075641 (90%),1402631 (59%),120 (2%),5576 (81%),0 (~0%),1,10,1,1,5,79,1,79,off,flatten,off,off,1,1,1,1
35min 51sec,49208 (0.212ms),1483909 (125%),1683159 (71%),120 (2%),6343 (92%),0 (~0%),1,10,1,1,1,79,4,79,off,flatten,off,off,1,1,1,1
10min 11sec,29243 (0.126ms),303996 (25%),353605 (14%),120 (2%),1128 (16%),0 (~0%),1,10,1,1,1,79,1,79,off,flatten,flatten,off,1,1,1,1
11min 01sec,451742 (1.807ms),549546 (46%),683910 (28%),98 (2%),2716 (39%),0 (~0%),1,10,1,1,1,79,1,79,off,flatten,off,off,1,4,1,1
60min 00sec,,,,,,,4,1,1,8,1,79,1,1,flatten,off,off,off,1,1,1,1
60min 00sec,,,,,,,1,8,1,8,1,79,1,1,flatten,off,off,off,1,1,1,1
60min 00sec,,,,,,,1,1,30,8,1,79,1,1,flatten,off,off,off,1,1,1,1
60min 00sec,,,,,,,1,1,1,10,1,79,1,1,flatten,off,off,off,1,1,1,1
60min 00sec,,,,,,,1,1,1,8,4,79,1,1,flatten,off,off,off,1,1,1,1
60min 00sec,,,,,,,1,1,1,8,1,79,59,1,flatten,off,off,off,1,1,1,1
60min 00sec,,,,,,,1,1,1,8,1,79,1,40,flatten,off,off,off,1,1,1,1
60min 00sec,,,,,,,1,1,1,8,1,79,1,1,flatten,off,flatten,off,1,1,1,1
60min 00sec,,,,,,,4,1,1,8,12,79,1,79,off,off,off,off,1,1,1,1
60min 00sec,,,,,,,1,1,29,8,12,79,1,79,off,off,off,off,1,1,1,1
60min 00sec,,,,,,,1,1,1,10,12,79,1,79,off,off,off,off,1,1,1,1
60min 00sec,,,,,,,1,1,1,8,10,79,1,79,off,off,off,off,1,1,1,1
60min 00sec,,,,,,,1,1,1,8,12,79,59,79,off,off,off,off,1,1,1,1
60min 00sec,,,,,,,1,1,1,8,12,79,1,79,off,flatten,off,off,1,1,1,1
60min 00sec,,,,,,,1,1,1,8,12,79,1,79,off,off,flatten,off,1,1,1,1
60min 00sec,,,,,,,1,1,1,8,12,79,1,79,off,off,off,flatten,1,1,1,1
14min 56sec,12723 (0.051ms),424456 (35%),449450 (19%),120 (2%),1596 (23%),0 (~0%),8,10,1,1,1,79,1,79,off,flatten,off,off,1,1,1,1
14min 52sec,12673 (0.051ms),424664 (35%),449386 (19%),120 (2%),1596 (23%),0 (~0%),4,16,1,1,1,79,1,79,off,flatten,off,off,1,1,1,1
14min 21sec,12633 (0.051ms),424683 (35%),449386 (19%),120 (2%),1596 (23%),0 (~0%),4,20,1,1,1,79,1,79,off,flatten,off,off,1,1,1,1
60min 00sec,,,,,,,4,10,59,1,1,79,1,79,off,flatten,off,off,1,1,1,1
14min 46sec,12793 (0.051ms),424688 (35%),449387 (19%),120 (2%),1596 (23%),0 (~0%),4,10,1,4,1,79,1,79,off,flatten,off,off,1,1,1,1
60min 00sec,,,,,,,4,10,1,1,10,79,1,79,off,flatten,off,off,1,1,1,1
20min 55sec,32760 (0.131ms),793713 (67%),991878 (41%),120 (2%),3183 (46%),0 (~0%),4,10,1,1,1,79,2,79,off,flatten,off,off,1,1,1,1
13min 42sec,313673 (1.335ms),296508 (25%),352536 (14%),120 (2%),1128 (16%),0 (~0%),4,10,1,1,1,79,1,4,off,flatten,off,off,1,1,1,1
14min 28sec,12793 (0.051ms),424626 (35%),449387 (19%),120 (2%),1596 (23%),0 (~0%),2,10,1,8,1,79,1,79,off,flatten,off,off,1,1,1,1
15min 47sec,29123 (0.126ms),303972 (25%),353604 (14%),120 (2%),1128 (16%),0 (~0%),1,16,1,8,1,79,1,79,off,flatten,off,off,1,1,1,1
60min 00sec,,,,,,,1,10,59,8,1,79,1,79,off,flatten,off,off,1,1,1,1
25min 01sec,27431 (0.118ms),755342 (63%),709954 (30%),120 (2%),4432 (64%),0 (~0%),1,10,1,8,4,79,1,79,off,flatten,off,off,1,1,1,1
60min 00sec,,,,,,,1,10,1,8,1,79,59,79,off,flatten,off,off,1,1,1,1
12min 31sec,197003 (0.788ms),285159 (24%),315302 (13%),120 (2%),1128 (16%),0 (~0%),1,10,1,8,1,79,1,1,off,flatten,off,off,1,1,1,1
14min 39sec,53882 (0.216ms),424604 (35%),449844 (19%),120 (2%),1596 (23%),0 (~0%),1,10,1,8,1,79,1,79,off,flatten,off,off,2,1,1,1
14min 17sec,15673 (0.063ms),424670 (35%),449390 (19%),120 (2%),1596 (23%),0 (~0%),4,1,1,1,1,79,1,79,off,flatten,off,off,1,1,1,1
15min 59sec,29123 (0.126ms),303972 (25%),353604 (14%),120 (2%),1128 (16%),0 (~0%),1,16,1,1,1,79,1,79,off,flatten,off,off,1,1,1,1
60min 00sec,,,,,,,1,1,59,1,1,79,1,79,off,flatten,off,off,1,1,1,1
15min 06sec,32123 (0.138ms),303978 (25%),353608 (14%),120 (2%),1128 (16%),0 (~0%),1,1,1,10,1,79,1,79,off,flatten,off,off,1,1,1,1
15min 47sec,219323 (0.945ms),290033 (24%),318544 (13%),120 (2%),1128 (16%),0 (~0%),1,1,1,1,1,1,1,79,off,flatten,off,off,1,1,1,1
60min 00sec,,,,,,,1,1,1,1,1,79,59,79,off,flatten,off,off,1,1,1,1
16min 51sec,226542 (0.906ms),549960 (46%),688165 (29%),120 (2%),2716 (39%),0 (~0%),1,1,1,1,1,79,1,79,off,flatten,off,off,1,4,1,1
12min 08sec,197073 (0.788ms),285447 (24%),315246 (13%),120 (2%),1128 (16%),0 (~0%),4,10,1,1,1,79,1,1,off,flatten,flatten,off,1,1,1,1
11min 58sec,196883 (0.788ms),285135 (24%),315301 (13%),120 (2%),1128 (16%),0 (~0%),1,16,1,1,1,79,1,1,off,flatten,flatten,off,1,1,1,1
60min 00sec,,,,,,,1,10,59,1,1,79,1,1,off,flatten,flatten,off,1,1,1,1
12min 25sec,197003 (0.788ms),285159 (24%),315302 (13%),120 (2%),1128 (16%),0 (~0%),1,10,1,8,1,79,1,1,off,flatten,flatten,off,1,1,1,1
60min 00sec,,,,,,,1,10,1,1,10,79,1,1,off,flatten,flatten,off,1,1,1,1
13min 19sec,3510662 (14.043ms),283130 (23%),338749 (14%),152 (3%),1130 (16%),0 (~0%),1,10,1,1,1,79,59,1,off,flatten,flatten,off,1,1,1,1
13min 47sec,148403 (0.594ms),314928 (26%),364912 (15%),120 (2%),1128 (16%),0 (~0%),1,10,1,1,1,79,1,39,off,flatten,flatten,off,1,1,1,1
